0;0;0;0;x;x
1;57;98;143;R57G98B143;x
2;95;75;0;R95G75B0;x
3;36;8;17;R36G8B17;x
4;22;171;211;R22G171B211;x
5;128;46;114;R128G46B114;x
6;163;226;149;R163G226B149;x
7;249;196;97;R249G196B97;x
8;188;243;51;R188G243B51;x
9;36;151;31;R36G151B31;x
10;93;47;43;R93G47B43;x
11;190;207;123;R190G207B123;x
12;186;249;120;R186G249B120;x
13;192;2;76;R192G2B76;x
14;28;241;237;R28G241B237;x
15;143;11;21;R143G11B21;x
16;177;184;107;R177G184B107;x
17;191;170;202;R191G170B202;x
18;94;150;70;R94G150B70;x
19;15;143;175;R15G143B175;x
20;69;216;170;R69G216B170;x
21;73;154;231;R73G154B231;x
22;66;142;125;R66G142B125;x
23;117;46;6;R117G46B6;x
24;27;76;165;R27G76B165;x
25;14;210;124;R14G210B124;x
26;158;70;125;R158G70B125;x
27;252;35;142;R252G35B142;x
28;80;240;1;R80G240B1;x
29;134;34;155;R134G34B155;x
30;39;122;0;R39G122B0;x
31;214;141;142;R214G141B142;x
32;163;22;14;R163G22B14;x
33;55;178;213;R55G178B213;x
34;174;115;197;R174G115B197;x
35;242;56;146;R242G56B146;x
36;233;131;189;R233G131B189;x
37;89;190;122;R89G190B122;x
38;11;171;236;R11G171B236;x
39;140;152;21;R140G152B21;x
40;234;239;189;R234G239B189;x
41;171;102;180;R171G102B180;x
42;232;62;23;R232G62B23;x
43;45;230;195;R45G230B195;x
44;160;21;194;R160G21B194;x
45;219;240;1;R219G240B1;x
46;59;184;188;R59G184B188;x
47;170;126;229;R170G126B229;x
48;95;197;39;R95G197B39;x
49;49;110;3;R49G110B3;x
50;19;55;13;R19G55B13;x
51;108;17;246;R108G17B246;x
52;208;35;42;R208G35B42;x
53;75;152;178;R75G152B178;x
54;196;217;223;R196G217B223;x
55;63;217;35;R63G217B35;x
56;27;215;118;R27G215B118;x
57;229;22;42;R229G22B42;x
58;228;14;115;R228G14B115;x
59;72;5;226;R72G5B226;x
60;204;20;49;R204G20B49;x
61;106;245;22;R106G245B22;x
62;95;151;49;R95G151B49;x
63;208;49;19;R208G49B19;x
64;156;96;34;R156G96B34;x
65;144;6;45;R144G6B45;x
66;80;84;110;R80G84B110;x
67;115;109;41;R115G109B41;x
68;170;91;168;R170G91B168;x
69;101;250;70;R101G250B70;x
70;186;222;98;R186G222B98;x
71;113;250;17;R113G250B17;x
72;109;118;101;R109G118B101;x
73;245;38;239;R245G38B239;x
74;30;98;59;R30G98B59;x
75;244;93;67;R244G93B67;x
76;210;17;11;R210G17B11;x
77;250;87;109;R250G87B109;x
78;66;107;16;R66G107B16;x
79;182;118;185;R182G118B185;x
80;77;84;116;R77G84B116;x
81;97;135;218;R97G135B218;x
82;231;185;236;R231G185B236;x
83;183;172;67;R183G172B67;x
84;73;18;159;R73G18B159;x
85;143;207;31;R143G207B31;x
86;167;123;116;R167G123B116;x
87;51;239;12;R51G239B12;x
88;100;24;56;R100G24B56;x
89;44;108;128;R44G108B128;x
90;197;56;76;R197G56B76;x
91;70;133;160;R70G133B160;x
92;242;243;31;R242G243B31;x
93;95;3;175;R95G3B175;x
94;193;69;19;R193G69B19;x
95;233;197;181;R233G197B181;x
96;176;66;64;R176G66B64;x
97;60;161;160;R60G161B160;x
98;245;247;81;R245G247B81;x
99;174;133;93;R174G133B93;x
100;171;35;99;R171G35B99;x
101;190;98;18;R190G98B18;x
102;120;29;155;R120G29B155;x
103;48;41;66;R48G41B66;x
104;42;37;109;R42G37B109;x
105;127;240;13;R127G240B13;x
106;49;128;1;R49G128B1;x
107;234;43;240;R234G43B240;x
108;99;121;65;R99G121B65;x
109;152;231;152;R152G231B152;x
110;49;243;203;R49G243B203;x
111;135;173;131;R135G173B131;x
112;204;67;185;R204G67B185;x
113;118;8;38;R118G8B38;x
114;132;119;121;R132G119B121;x
115;197;4;175;R197G4B175;x
116;225;171;203;R225G171B203;x
117;208;196;57;R208G196B57;x
118;57;49;173;R57G49B173;x
119;177;142;180;R177G142B180;x
120;94;76;65;R94G76B65;x
121;113;236;168;R113G236B168;x
122;195;161;209;R195G161B209;x
123;33;193;70;R33G193B70;x
124;57;50;0;R57G50B0;x
125;231;244;203;R231G244B203;x
126;59;240;99;R59G240B99;x
127;216;248;105;R216G248B105;x
128;244;111;85;R244G111B85;x
129;83;189;133;R83G189B133;x
130;222;31;217;R222G31B217;x
131;130;189;235;R130G189B235;x
132;95;45;238;R95G45B238;x
133;0;80;64;R0G80B64;x
134;143;42;150;R143G42B150;x
135;232;57;126;R232G57B126;x
136;124;217;0;R124G217B0;x
137;80;105;206;R80G105B206;x
138;215;245;179;R215G245B179;x
139;118;61;115;R118G61B115;x
140;135;146;52;R135G146B52;x
141;16;216;254;R16G216B254;x
142;127;132;175;R127G132B175;x
143;200;148;114;R200G148B114;x
144;205;138;241;R205G138B241;x
145;54;125;154;R54G125B154;x
146;194;34;47;R194G34B47;x
147;249;66;203;R249G66B203;x
148;124;131;118;R124G131B118;x
149;244;120;190;R244G120B190;x
150;17;52;64;R17G52B64;x
151;96;116;92;R96G116B92;x
152;130;85;159;R130G85B159;x
153;85;220;212;R85G220B212;x
154;121;29;218;R121G29B218;x
155;40;75;175;R40G75B175;x
156;252;234;62;R252G234B62;x
157;140;151;159;R140G151B159;x
158;241;223;97;R241G223B97;x
159;235;88;239;R235G88B239;x
160;30;169;106;R30G169B106;x
161;95;206;20;R95G206B20;x
162;221;235;142;R221G235B142;x
163;98;255;170;R98G255B170;x
164;196;202;228;R196G202B228;x
165;131;79;253;R131G79B253;x
166;243;224;195;R243G224B195;x
167;24;79;218;R24G79B218;x
168;133;106;153;R133G106B153;x
169;110;210;188;R110G210B188;x
170;209;6;227;R209G6B227;x
171;91;18;161;R91G18B161;x
172;233;51;186;R233G51B186;x
173;46;170;10;R46G170B10;x
174;12;168;169;R12G168B169;x
175;38;3;185;R38G3B185;x
176;164;103;27;R164G103B27;x
177;31;88;155;R31G88B155;x
178;33;209;24;R33G209B24;x
179;34;6;79;R34G6B79;x
180;66;8;184;R66G8B184;x
181;248;15;127;R248G15B127;x
182;255;61;16;R255G61B16;x
183;251;68;199;R251G68B199;x
184;119;252;139;R119G252B139;x
185;7;102;68;R7G102B68;x
186;245;118;91;R245G118B91;x
187;185;150;46;R185G150B46;x
188;0;249;14;R0G249B14;x
189;77;150;241;R77G150B241;x
190;169;209;41;R169G209B41;x
191;86;22;4;R86G22B4;x
192;14;108;162;R14G108B162;x
193;236;244;242;R236G244B242;x
194;67;186;29;R67G186B29;x
195;210;18;119;R210G18B119;x
196;46;161;122;R46G161B122;x
197;114;139;109;R114G139B109;x
198;69;209;116;R69G209B116;x
199;178;78;247;R178G78B247;x
200;71;254;125;R71G254B125;x
201;62;108;21;R62G108B21;x
202;108;84;174;R108G84B174;x
203;72;165;176;R72G165B176;x
204;246;159;19;R246G159B19;x
205;161;106;153;R161G106B153;x
206;210;138;216;R210G138B216;x
207;84;123;153;R84G123B153;x
208;233;225;105;R233G225B105;x
209;74;10;25;R74G10B25;x
210;129;56;6;R129G56B6;x
211;253;141;249;R253G141B249;x
212;144;68;23;R144G68B23;x
213;168;126;232;R168G126B232;x
214;80;217;232;R80G217B232;x
215;51;193;212;R51G193B212;x
216;200;230;62;R200G230B62;x
217;246;191;95;R246G191B95;x
218;55;245;192;R55G245B192;x
219;154;253;69;R154G253B69;x
220;58;77;185;R58G77B185;x
221;76;94;132;R76G94B132;x
222;37;121;27;R37G121B27;x
223;175;99;148;R175G99B148;x
224;235;253;234;R235G253B234;x
225;12;191;242;R12G191B242;x
226;117;9;237;R117G9B237;x
227;30;52;17;R30G52B17;x
228;26;78;85;R26G78B85;x
229;24;206;54;R24G206B54;x
230;1;125;196;R1G125B196;x
231;114;80;158;R114G80B158;x
232;70;94;215;R70G94B215;x
233;112;69;80;R112G69B80;x
234;9;183;181;R9G183B181;x
235;54;74;112;R54G74B112;x
236;233;208;47;R233G208B47;x
237;124;31;247;R124G31B247;x
238;198;209;45;R198G209B45;x
239;16;12;190;R16G12B190;x
240;67;248;128;R67G248B128;x
241;182;209;194;R182G209B194;x
242;96;44;147;R96G44B147;x
243;145;3;104;R145G3B104;x
244;224;65;219;R224G65B219;x
245;39;247;225;R39G247B225;x
246;82;249;27;R82G249B27;x
247;141;50;173;R141G50B173;x
248;22;156;125;R22G156B125;x
249;161;163;68;R161G163B68;x
250;116;169;84;R116G169B84;x
251;170;58;206;R170G58B206;x
252;15;151;209;R15G151B209;x
253;180;145;52;R180G145B52;x
254;33;176;42;R33G176B42;x
255;156;52;46;R156G52B46;x
256;211;10;108;R211G10B108;x
257;87;6;118;R87G6B118;x
258;166;30;88;R166G30B88;x
259;254;21;50;R254G21B50;x
260;40;116;88;R40G116B88;x
261;131;197;168;R131G197B168;x
262;7;230;148;R7G230B148;x
263;148;185;32;R148G185B32;x
264;119;254;170;R119G254B170;x
265;145;12;161;R145G12B161;x
266;171;102;94;R171G102B94;x
267;172;62;221;R172G62B221;x
268;89;190;213;R89G190B213;x
269;117;171;20;R117G171B20;x
270;33;236;158;R33G236B158;x
271;141;1;152;R141G1B152;x
272;127;13;194;R127G13B194;x
273;34;139;129;R34G139B129;x
274;195;177;156;R195G177B156;x
275;42;253;0;R42G253B0;x
276;72;109;10;R72G109B10;x
277;102;37;161;R102G37B161;x
278;161;168;74;R161G168B74;x
279;98;153;240;R98G153B240;x
280;79;202;112;R79G202B112;x
281;161;113;71;R161G113B71;x
282;48;78;107;R48G78B107;x
283;108;42;254;R108G42B254;x
284;215;71;75;R215G71B75;x
285;148;221;207;R148G221B207;x
286;52;222;63;R52G222B63;x
287;124;6;86;R124G6B86;x
288;44;124;71;R44G124B71;x
289;27;103;251;R27G103B251;x
290;79;138;16;R79G138B16;x
291;191;1;189;R191G1B189;x
292;89;113;202;R89G113B202;x
293;178;190;39;R178G190B39;x
294;54;229;224;R54G229B224;x
295;93;75;168;R93G75B168;x
296;125;116;250;R125G116B250;x
297;227;143;169;R227G143B169;x
298;107;176;131;R107G176B131;x
299;207;200;54;R207G200B54;x
300;158;178;142;R158G178B142;x
301;92;17;145;R92G17B145;x
302;28;67;227;R28G67B227;x
303;174;168;1;R174G168B1;x
304;111;31;221;R111G31B221;x
305;126;127;210;R126G127B210;x
306;211;245;117;R211G245B117;x
307;71;165;224;R71G165B224;x
308;1;153;27;R1G153B27;x
309;183;224;110;R183G224B110;x
310;50;167;111;R50G167B111;x
311;124;223;203;R124G223B203;x
312;153;110;225;R153G110B225;x
313;157;103;167;R157G103B167;x
314;171;70;201;R171G70B201;x
315;180;201;148;R180G201B148;x
316;21;165;219;R21G165B219;x
317;223;101;179;R223G101B179;x
318;83;214;166;R83G214B166;x
319;106;98;211;R106G98B211;x
320;52;117;106;R52G117B106;x
321;243;128;134;R243G128B134;x
322;59;23;216;R59G23B216;x
323;124;230;213;R124G230B213;x
324;106;247;77;R106G247B77;x
325;237;19;17;R237G19B17;x
326;249;173;46;R249G173B46;x
327;156;135;7;R156G135B7;x
328;38;195;121;R38G195B121;x
329;2;87;7;R2G87B7;x
330;227;251;132;R227G251B132;x
331;140;196;196;R140G196B196;x
332;94;249;245;R94G249B245;x
333;9;58;26;R9G58B26;x
334;127;249;139;R127G249B139;x
335;84;108;8;R84G108B8;x
336;31;232;167;R31G232B167;x
337;168;13;174;R168G13B174;x
338;123;125;102;R123G125B102;x
339;72;172;150;R72G172B150;x
340;44;144;27;R44G144B27;x
341;148;98;7;R148G98B7;x
342;63;225;0;R63G225B0;x
343;86;118;161;R86G118B161;x
344;139;20;148;R139G20B148;x
345;240;115;81;R240G115B81;x
346;113;188;62;R113G188B62;x
347;73;138;24;R73G138B24;x
348;141;245;68;R141G245B68;x
349;235;49;185;R235G49B185;x
350;203;42;1;R203G42B1;x
351;207;225;19;R207G225B19;x
352;91;150;228;R91G150B228;x
353;117;21;117;R117G21B117;x
354;127;134;139;R127G134B139;x
355;83;1;8;R83G1B8;x
356;164;153;164;R164G153B164;x
357;117;38;14;R117G38B14;x
358;145;98;242;R145G98B242;x
359;195;91;160;R195G91B160;x
360;218;12;180;R218G12B180;x
361;201;20;229;R201G20B229;x
362;140;111;182;R140G111B182;x
363;110;237;78;R110G237B78;x
364;46;62;227;R46G62B227;x
365;134;154;234;R134G154B234;x
366;97;84;74;R97G84B74;x
367;80;15;222;R80G15B222;x
368;143;237;228;R143G237B228;x
369;147;32;5;R147G32B5;x
370;252;31;191;R252G31B191;x
371;59;209;224;R59G209B224;x
372;170;34;199;R170G34B199;x
373;135;114;42;R135G114B42;x
374;251;128;141;R251G128B141;x
375;24;167;118;R24G167B118;x
376;254;227;216;R254G227B216;x
377;132;12;235;R132G12B235;x
378;123;64;91;R123G64B91;x
379;134;212;63;R134G212B63;x
380;59;86;173;R59G86B173;x
381;235;197;193;R235G197B193;x
382;142;22;143;R142G22B143;x
383;69;252;18;R69G252B18;x
384;21;194;80;R21G194B80;x
385;240;120;159;R240G120B159;x
386;151;76;69;R151G76B69;x
387;55;138;53;R55G138B53;x
388;131;49;79;R131G49B79;x
389;188;250;32;R188G250B32;x
390;32;224;5;R32G224B5;x
391;185;193;52;R185G193B52;x
392;158;2;57;R158G2B57;x
393;156;149;244;R156G149B244;x
394;29;171;24;R29G171B24;x
395;144;252;200;R144G252B200;x
396;162;172;120;R162G172B120;x
397;158;252;53;R158G252B53;x
398;243;40;64;R243G40B64;x
399;195;130;35;R195G130B35;x
400;199;140;233;R199G140B233;x
401;126;189;121;R126G189B121;x
402;31;213;217;R31G213B217;x
403;232;213;56;R232G213B56;x
404;153;243;164;R153G243B164;x
405;211;221;47;R211G221B47;x
406;241;148;107;R241G148B107;x
407;227;204;92;R227G204B92;x
408;231;53;10;R231G53B10;x
409;186;141;227;R186G141B227;x
410;3;238;133;R3G238B133;x
411;130;248;196;R130G248B196;x
412;190;51;64;R190G51B64;x
413;227;8;169;R227G8B169;x
414;225;93;131;R225G93B131;x
415;55;11;196;R55G11B196;x
416;89;104;78;R89G104B78;x
417;77;22;160;R77G22B160;x
418;242;222;177;R242G222B177;x
419;94;106;241;R94G106B241;x
420;59;216;121;R59G216B121;x
421;71;198;0;R71G198B0;x
422;158;78;254;R158G78B254;x
423;207;6;35;R207G6B35;x
424;160;174;149;R160G174B149;x
425;174;213;7;R174G213B7;x
426;97;103;178;R97G103B178;x
427;39;62;50;R39G62B50;x
428;253;156;118;R253G156B118;x
429;251;61;54;R251G61B54;x
430;203;156;224;R203G156B224;x
431;176;121;214;R176G121B214;x
432;102;57;198;R102G57B198;x
433;70;221;0;R70G221B0;x
434;177;122;41;R177G122B41;x
435;229;57;71;R229G57B71;x
436;184;243;205;R184G243B205;x
437;28;63;162;R28G63B162;x
438;236;166;41;R236G166B41;x
439;193;231;230;R193G231B230;x
440;57;177;237;R57G177B237;x
441;248;193;219;R248G193B219;x
442;91;164;61;R91G164B61;x
443;91;71;48;R91G71B48;x
444;150;149;89;R150G149B89;x
445;76;199;12;R76G199B12;x
446;19;240;230;R19G240B230;x
447;112;168;253;R112G168B253;x
448;57;251;246;R57G251B246;x
449;135;152;40;R135G152B40;x
450;146;145;103;R146G145B103;x
451;186;148;214;R186G148B214;x
452;153;254;231;R153G254B231;x
453;183;40;16;R183G40B16;x
454;171;234;153;R171G234B153;x
455;110;145;34;R110G145B34;x
456;87;204;151;R87G204B151;x
457;211;77;157;R211G77B157;x
458;125;32;11;R125G32B11;x
459;34;11;238;R34G11B238;x
460;92;126;170;R92G126B170;x
461;195;161;186;R195G161B186;x
462;159;193;22;R159G193B22;x
463;175;142;106;R175G142B106;x
464;13;8;216;R13G8B216;x
465;130;9;42;R130G9B42;x
466;24;30;110;R24G30B110;x
467;30;49;246;R30G49B246;x
468;188;164;65;R188G164B65;x
469;172;97;255;R172G97B255;x
470;173;231;225;R173G231B225;x
471;51;169;121;R51G169B121;x
472;185;24;243;R185G24B243;x
473;190;34;143;R190G34B143;x
474;253;74;10;R253G74B10;x
475;22;138;105;R22G138B105;x
476;43;195;76;R43G195B76;x
477;195;77;111;R195G77B111;x
478;60;64;124;R60G64B124;x
479;201;254;0;R201G254B0;x
480;192;136;148;R192G136B148;x
481;89;160;116;R89G160B116;x
482;237;144;46;R237G144B46;x
483;240;20;91;R240G20B91;x
484;72;189;77;R72G189B77;x
485;22;129;232;R22G129B232;x
486;39;48;188;R39G48B188;x
487;227;131;169;R227G131B169;x
488;194;138;131;R194G138B131;x
489;132;27;132;R132G27B132;x
490;14;182;117;R14G182B117;x
491;221;244;64;R221G244B64;x
492;160;28;162;R160G28B162;x
493;83;116;248;R83G116B248;x
494;84;251;243;R84G251B243;x
495;252;238;93;R252G238B93;x
496;252;74;251;R252G74B251;x
497;184;172;107;R184G172B107;x
498;177;176;178;R177G176B178;x
499;247;20;124;R247G20B124;x
500;254;203;56;R254G203B56;x
501;248;217;33;R248G217B33;x
502;27;113;124;R27G113B124;x
503;240;154;105;R240G154B105;x
504;83;0;146;R83G0B146;x
505;77;20;176;R77G20B176;x
506;151;119;226;R151G119B226;x
507;125;150;138;R125G150B138;x
508;126;113;109;R126G113B109;x
509;62;84;132;R62G84B132;x
510;83;9;34;R83G9B34;x
511;117;144;46;R117G144B46;x
512;192;36;255;R192G36B255;x
513;230;38;253;R230G38B253;x
514;203;88;136;R203G88B136;x
515;3;233;169;R3G233B169;x
516;192;232;179;R192G232B179;x
517;57;43;232;R57G43B232;x
518;197;247;52;R197G247B52;x
519;87;37;156;R87G37B156;x
520;162;118;118;R162G118B118;x
521;133;252;120;R133G252B120;x
522;248;66;194;R248G66B194;x
523;36;17;223;R36G17B223;x
524;237;83;4;R237G83B4;x
525;45;61;174;R45G61B174;x
526;160;56;6;R160G56B6;x
527;134;207;80;R134G207B80;x
528;254;105;128;R254G105B128;x
529;131;177;131;R131G177B131;x
530;69;125;249;R69G125B249;x
531;31;88;35;R31G88B35;x
532;113;209;40;R113G209B40;x
533;0;38;62;R0G38B62;x
534;60;204;108;R60G204B108;x
535;222;3;39;R222G3B39;x
536;55;55;142;R55G55B142;x
537;20;233;74;R20G233B74;x
538;15;234;35;R15G234B35;x
539;49;73;167;R49G73B167;x
540;201;204;17;R201G204B17;x
541;17;233;115;R17G233B115;x
542;155;4;224;R155G4B224;x
543;156;63;80;R156G63B80;x
544;125;166;217;R125G166B217;x
545;88;165;242;R88G165B242;x
546;34;127;246;R34G127B246;x
547;169;141;28;R169G141B28;x
548;44;236;245;R44G236B245;x
549;118;43;66;R118G43B66;x
550;109;225;190;R109G225B190;x
551;128;82;27;R128G82B27;x
552;26;173;25;R26G173B25;x
553;161;169;190;R161G169B190;x
554;247;20;114;R247G20B114;x
555;170;203;187;R170G203B187;x
556;133;49;59;R133G49B59;x
557;170;118;230;R170G118B230;x
558;204;12;203;R204G12B203;x
559;252;112;43;R252G112B43;x
560;101;253;19;R101G253B19;x
561;201;203;244;R201G203B244;x
562;119;79;26;R119G79B26;x
563;178;24;53;R178G24B53;x
564;195;8;103;R195G8B103;x
565;226;157;175;R226G157B175;x
566;136;242;168;R136G242B168;x
567;209;53;228;R209G53B228;x
568;156;121;139;R156G121B139;x
569;218;145;42;R218G145B42;x
570;184;164;233;R184G164B233;x
571;32;185;115;R32G185B115;x
572;179;230;115;R179G230B115;x
573;103;225;118;R103G225B118;x
574;141;198;215;R141G198B215;x
575;100;74;107;R100G74B107;x
576;43;220;152;R43G220B152;x
577;220;201;238;R220G201B238;x
578;186;149;129;R186G149B129;x
579;226;111;158;R226G111B158;x
580;112;89;70;R112G89B70;x
581;148;206;194;R148G206B194;x
582;176;245;154;R176G245B154;x
583;158;139;190;R158G139B190;x
584;8;41;204;R8G41B204;x
585;29;21;182;R29G21B182;x
586;120;214;128;R120G214B128;x
587;229;56;106;R229G56B106;x
588;25;69;95;R25G69B95;x
589;110;21;246;R110G21B246;x
590;61;148;75;R61G148B75;x
591;5;20;175;R5G20B175;x
592;225;103;74;R225G103B74;x
593;18;62;37;R18G62B37;x
594;44;50;113;R44G50B113;x
595;110;26;14;R110G26B14;x
596;190;103;79;R190G103B79;x
597;223;100;158;R223G100B158;x
598;187;223;34;R187G223B34;x
599;135;4;82;R135G4B82;x
600;38;231;98;R38G231B98;x
601;185;55;201;R185G55B201;x
602;53;237;201;R53G237B201;x
603;245;108;17;R245G108B17;x
604;100;38;113;R100G38B113;x
605;163;180;12;R163G180B12;x
606;185;171;183;R185G171B183;x
607;231;116;60;R231G116B60;x
608;252;115;168;R252G115B168;x
609;210;212;226;R210G212B226;x
610;177;62;145;R177G62B145;x
611;146;200;243;R146G200B243;x
612;131;76;68;R131G76B68;x
613;240;2;12;R240G2B12;x
614;235;17;156;R235G17B156;x
615;217;165;129;R217G165B129;x
616;58;93;31;R58G93B31;x
617;73;197;249;R73G197B249;x
618;178;130;234;R178G130B234;x
619;209;202;231;R209G202B231;x
620;25;117;27;R25G117B27;x
621;240;22;129;R240G22B129;x
622;9;56;150;R9G56B150;x
623;126;125;239;R126G125B239;x
624;108;146;166;R108G146B166;x
625;133;226;227;R133G226B227;x
626;249;0;15;R249G0B15;x
627;219;136;1;R219G136B1;x
628;174;42;188;R174G42B188;x
629;52;155;50;R52G155B50;x
630;63;153;84;R63G153B84;x
631;202;164;125;R202G164B125;x
632;195;5;170;R195G5B170;x
633;140;86;219;R140G86B219;x
634;205;99;22;R205G99B22;x
635;122;193;38;R122G193B38;x
636;159;120;169;R159G120B169;x
637;144;214;119;R144G214B119;x
638;229;104;30;R229G104B30;x
639;254;110;70;R254G110B70;x
640;181;65;248;R181G65B248;x
641;243;77;77;R243G77B77;x
642;199;96;21;R199G96B21;x
643;72;68;197;R72G68B197;x
644;209;174;201;R209G174B201;x
645;35;135;224;R35G135B224;x
646;234;53;188;R234G53B188;x
647;24;39;23;R24G39B23;x
648;173;96;138;R173G96B138;x
649;120;168;48;R120G168B48;x
650;150;139;143;R150G139B143;x
651;219;25;223;R219G25B223;x
652;30;47;188;R30G47B188;x
653;59;113;217;R59G113B217;x
654;161;90;101;R161G90B101;x
655;213;174;238;R213G174B238;x
656;60;255;71;R60G255B71;x
657;87;86;195;R87G86B195;x
658;212;77;41;R212G77B41;x
659;180;146;169;R180G146B169;x
660;183;210;56;R183G210B56;x
661;79;232;220;R79G232B220;x
662;151;173;148;R151G173B148;x
663;232;35;253;R232G35B253;x
664;18;104;65;R18G104B65;x
665;123;68;223;R123G68B223;x
666;194;252;219;R194G252B219;x
667;216;16;221;R216G16B221;x
668;31;141;39;R31G141B39;x
669;231;152;65;R231G152B65;x
670;206;209;191;R206G209B191;x
671;101;252;118;R101G252B118;x
672;150;130;10;R150G130B10;x
673;66;82;167;R66G82B167;x
674;139;241;204;R139G241B204;x
675;177;253;75;R177G253B75;x
676;41;51;39;R41G51B39;x
677;173;42;33;R173G42B33;x
678;170;165;34;R170G165B34;x
679;117;115;178;R117G115B178;x
680;169;178;86;R169G178B86;x
681;18;87;241;R18G87B241;x
682;204;155;26;R204G155B26;x
683;60;105;245;R60G105B245;x
684;219;29;170;R219G29B170;x
685;160;87;5;R160G87B5;x
686;80;119;35;R80G119B35;x
687;143;156;64;R143G156B64;x
688;17;33;215;R17G33B215;x
689;215;202;73;R215G202B73;x
690;167;129;249;R167G129B249;x
691;38;14;56;R38G14B56;x
692;186;41;88;R186G41B88;x
693;8;9;25;R8G9B25;x
694;39;154;148;R39G154B148;x
695;254;146;126;R254G146B126;x
696;94;214;5;R94G214B5;x
697;182;236;176;R182G236B176;x
698;23;39;231;R23G39B231;x
699;101;98;36;R101G98B36;x
700;76;3;44;R76G3B44;x
701;14;75;179;R14G75B179;x
702;165;54;114;R165G54B114;x
703;168;9;255;R168G9B255;x
704;181;90;234;R181G90B234;x
705;105;134;162;R105G134B162;x
706;179;21;77;R179G21B77;x
707;4;234;64;R4G234B64;x
708;101;39;214;R101G39B214;x
709;91;198;104;R91G198B104;x
710;181;166;55;R181G166B55;x
711;134;21;160;R134G21B160;x
712;39;100;221;R39G100B221;x
713;221;207;111;R221G207B111;x
714;58;151;164;R58G151B164;x
715;111;91;39;R111G91B39;x
716;207;100;185;R207G100B185;x
717;104;191;44;R104G191B44;x
718;195;81;138;R195G81B138;x
719;41;101;190;R41G101B190;x
720;88;42;6;R88G42B6;x
721;64;111;153;R64G111B153;x
722;109;133;164;R109G133B164;x
723;121;173;179;R121G173B179;x
724;11;135;206;R11G135B206;x
725;80;101;218;R80G101B218;x
726;193;12;6;R193G12B6;x
727;59;70;11;R59G70B11;x
728;208;233;81;R208G233B81;x
729;45;2;71;R45G2B71;x
730;87;171;147;R87G171B147;x
731;159;176;129;R159G176B129;x
732;52;80;7;R52G80B7;x
733;255;98;119;R255G98B119;x
734;9;191;47;R9G191B47;x
735;1;131;103;R1G131B103;x
736;160;110;215;R160G110B215;x
737;92;197;157;R92G197B157;x
738;225;220;34;R225G220B34;x
739;105;53;181;R105G53B181;x
740;237;73;39;R237G73B39;x
741;204;52;71;R204G52B71;x
742;8;106;156;R8G106B156;x
743;151;108;94;R151G108B94;x
744;126;226;1;R126G226B1;x
745;227;90;183;R227G90B183;x
746;117;10;64;R117G10B64;x
747;167;170;237;R167G170B237;x
748;134;102;229;R134G102B229;x
749;219;136;101;R219G136B101;x
750;22;42;145;R22G42B145;x
751;188;11;247;R188G11B247;x
752;86;114;111;R86G114B111;x
753;9;30;47;R9G30B47;x
754;90;3;103;R90G3B103;x
755;131;175;201;R131G175B201;x
756;58;232;174;R58G232B174;x
757;75;119;43;R75G119B43;x
758;87;254;62;R87G254B62;x
759;50;76;30;R50G76B30;x
760;76;212;130;R76G212B130;x
761;246;114;98;R246G114B98;x
762;188;222;163;R188G222B163;x
763;241;214;120;R241G214B120;x
764;223;22;136;R223G22B136;x
765;76;106;156;R76G106B156;x
766;251;116;237;R251G116B237;x
767;180;75;172;R180G75B172;x
768;54;82;164;R54G82B164;x
769;44;217;176;R44G217B176;x
770;148;201;106;R148G201B106;x
771;10;229;61;R10G229B61;x
772;199;35;23;R199G35B23;x
773;58;154;67;R58G154B67;x
774;192;140;52;R192G140B52;x
775;178;139;145;R178G139B145;x
776;164;81;82;R164G81B82;x
777;188;67;238;R188G67B238;x
778;198;104;177;R198G104B177;x
779;198;44;47;R198G44B47;x
780;145;119;47;R145G119B47;x
781;237;202;162;R237G202B162;x
782;228;45;137;R228G45B137;x
783;75;186;92;R75G186B92;x
784;225;162;54;R225G162B54;x
785;97;139;210;R97G139B210;x
786;193;175;63;R193G175B63;x
787;135;228;169;R135G228B169;x
788;86;92;100;R86G92B100;x
789;176;48;108;R176G48B108;x
790;229;133;236;R229G133B236;x
791;1;29;70;R1G29B70;x
792;64;59;158;R64G59B158;x
793;161;201;115;R161G201B115;x
794;67;159;15;R67G159B15;x
795;157;228;141;R157G228B141;x
796;225;112;106;R225G112B106;x
797;135;199;172;R135G199B172;x
798;253;58;120;R253G58B120;x
799;2;145;71;R2G145B71;x
800;212;180;171;R212G180B171;x
801;184;125;60;R184G125B60;x
802;76;30;55;R76G30B55;x
803;125;9;92;R125G9B92;x
804;42;36;147;R42G36B147;x
805;64;146;215;R64G146B215;x
806;177;58;38;R177G58B38;x
807;253;73;166;R253G73B166;x
808;109;20;148;R109G20B148;x
809;165;55;238;R165G55B238;x
810;106;117;86;R106G117B86;x
811;6;84;10;R6G84B10;x
812;205;217;111;R205G217B111;x
813;102;187;154;R102G187B154;x
814;189;186;85;R189G186B85;x
815;5;30;212;R5G30B212;x
816;217;43;67;R217G43B67;x
817;45;55;250;R45G55B250;x
818;111;5;179;R111G5B179;x
819;5;254;247;R5G254B247;x
820;15;48;83;R15G48B83;x
821;84;179;182;R84G179B182;x
822;130;247;209;R130G247B209;x
823;131;67;192;R131G67B192;x
824;16;90;152;R16G90B152;x
825;52;208;45;R52G208B45;x
826;242;149;192;R242G149B192;x
827;81;127;223;R81G127B223;x
828;79;131;174;R79G131B174;x
829;31;50;148;R31G50B148;x
830;82;192;227;R82G192B227;x
831;58;133;81;R58G133B81;x
832;207;187;221;R207G187B221;x
833;118;220;179;R118G220B179;x
834;221;115;200;R221G115B200;x
835;157;162;124;R157G162B124;x
836;190;131;255;R190G131B255;x
837;124;244;44;R124G244B44;x
838;50;218;26;R50G218B26;x
839;24;127;168;R24G127B168;x
840;143;193;11;R143G193B11;x
841;53;174;196;R53G174B196;x
842;183;191;220;R183G191B220;x
843;111;7;192;R111G7B192;x
844;150;90;116;R150G90B116;x
845;59;196;45;R59G196B45;x
846;238;111;46;R238G111B46;x
847;150;161;17;R150G161B17;x
848;238;27;243;R238G27B243;x
849;110;178;188;R110G178B188;x
850;159;241;227;R159G241B227;x
851;82;101;192;R82G101B192;x
852;219;16;166;R219G16B166;x
853;245;51;142;R245G51B142;x
854;234;194;78;R234G194B78;x
855;101;234;23;R101G234B23;x
856;129;69;88;R129G69B88;x
857;3;69;69;R3G69B69;x
858;225;105;216;R225G105B216;x
859;197;231;33;R197G231B33;x
860;4;57;95;R4G57B95;x
861;23;209;53;R23G209B53;x
862;167;26;191;R167G26B191;x
863;60;197;32;R60G197B32;x
864;96;156;190;R96G156B190;x
865;67;119;248;R67G119B248;x
866;32;142;139;R32G142B139;x
867;183;218;207;R183G218B207;x
868;164;117;201;R164G117B201;x
869;102;160;226;R102G160B226;x
870;14;50;72;R14G50B72;x
871;177;254;255;R177G254B255;x
872;48;88;26;R48G88B26;x
873;65;71;194;R65G71B194;x
874;59;9;77;R59G9B77;x
875;13;192;164;R13G192B164;x
876;184;243;148;R184G243B148;x
877;150;63;79;R150G63B79;x
878;208;66;243;R208G66B243;x
879;153;97;47;R153G97B47;x
880;41;173;175;R41G173B175;x
881;135;231;177;R135G231B177;x
882;233;37;194;R233G37B194;x
883;191;58;19;R191G58B19;x
884;37;77;236;R37G77B236;x
885;147;4;207;R147G4B207;x
886;211;175;140;R211G175B140;x
887;4;72;172;R4G72B172;x
888;77;91;185;R77G91B185;x
889;162;248;133;R162G248B133;x
890;215;115;172;R215G115B172;x
891;88;118;0;R88G118B0;x
892;151;112;141;R151G112B141;x
893;191;51;251;R191G51B251;x
894;47;22;152;R47G22B152;x
895;215;202;221;R215G202B221;x
896;175;129;174;R175G129B174;x
897;43;94;179;R43G94B179;x
898;80;143;102;R80G143B102;x
899;70;106;86;R70G106B86;x
900;212;232;44;R212G232B44;x
901;167;3;149;R167G3B149;x
902;69;85;178;R69G85B178;x
903;124;150;181;R124G150B181;x
904;212;19;132;R212G19B132;x
905;210;111;125;R210G111B125;x
906;251;57;5;R251G57B5;x
907;150;7;235;R150G7B235;x
908;236;220;202;R236G220B202;x
909;137;31;114;R137G31B114;x
910;193;203;197;R193G203B197;x
911;102;255;84;R102G255B84;x
912;163;82;39;R163G82B39;x
913;116;211;176;R116G211B176;x
914;43;76;79;R43G76B79;x
915;20;178;33;R20G178B33;x
916;169;141;134;R169G141B134;x
917;232;236;195;R232G236B195;x
918;191;3;36;R191G3B36;x
919;41;133;52;R41G133B52;x
920;44;165;98;R44G165B98;x
921;193;183;159;R193G183B159;x
922;213;122;51;R213G122B51;x
923;71;177;137;R71G177B137;x
924;215;165;232;R215G165B232;x
925;118;185;176;R118G185B176;x
926;27;122;85;R27G122B85;x
927;173;37;78;R173G37B78;x
928;63;66;171;R63G66B171;x
929;194;55;68;R194G55B68;x
930;211;211;193;R211G211B193;x
931;166;134;242;R166G134B242;x
932;95;195;9;R95G195B9;x
933;251;85;104;R251G85B104;x
934;164;106;192;R164G106B192;x
935;102;164;204;R102G164B204;x
936;97;93;97;R97G93B97;x
937;86;11;183;R86G11B183;x
938;3;22;97;R3G22B97;x
939;190;114;86;R190G114B86;x
940;120;238;64;R120G238B64;x
941;191;66;17;R191G66B17;x
942;59;55;81;R59G55B81;x
943;134;97;117;R134G97B117;x
944;208;75;113;R208G75B113;x
945;222;218;81;R222G218B81;x
946;16;183;123;R16G183B123;x
947;5;44;180;R5G44B180;x
948;155;57;54;R155G57B54;x
949;242;71;5;R242G71B5;x
950;104;167;183;R104G167B183;x
951;214;131;158;R214G131B158;x
952;144;196;242;R144G196B242;x
953;171;177;41;R171G177B41;x
954;238;45;113;R238G45B113;x
955;43;206;238;R43G206B238;x
956;91;163;103;R91G163B103;x
957;189;53;162;R189G53B162;x
958;0;161;68;R0G161B68;x
959;51;47;77;R51G47B77;x
960;153;59;39;R153G59B39;x
961;32;123;124;R32G123B124;x
962;232;249;148;R232G249B148;x
963;79;102;117;R79G102B117;x
964;224;166;99;R224G166B99;x
965;124;127;241;R124G127B241;x
966;75;89;140;R75G89B140;x
967;178;44;222;R178G44B222;x
968;1;79;253;R1G79B253;x
969;179;44;106;R179G44B106;x
970;187;29;188;R187G29B188;x
971;142;23;158;R142G23B158;x
972;149;64;61;R149G64B61;x
973;23;224;200;R23G224B200;x
974;40;231;236;R40G231B236;x
975;74;147;243;R74G147B243;x
976;96;168;125;R96G168B125;x
977;97;219;98;R97G219B98;x
978;128;195;205;R128G195B205;x
979;23;35;248;R23G35B248;x
980;247;58;148;R247G58B148;x
981;231;253;207;R231G253B207;x
982;188;7;132;R188G7B132;x
983;70;64;68;R70G64B68;x
984;212;234;158;R212G234B158;x
985;162;135;41;R162G135B41;x
986;232;247;8;R232G247B8;x
987;242;255;156;R242G255B156;x
988;191;234;206;R191G234B206;x
989;49;169;154;R49G169B154;x
990;148;52;10;R148G52B10;x
991;223;122;200;R223G122B200;x
992;150;29;176;R150G29B176;x
993;26;77;229;R26G77B229;x
994;55;30;168;R55G30B168;x
995;41;135;233;R41G135B233;x
996;3;41;127;R3G41B127;x
997;115;107;86;R115G107B86;x
998;172;248;77;R172G248B77;x
999;7;199;174;R7G199B174;x
1000;156;58;45;R156G58B45;x
1001;162;179;26;R162G179B26;x
1002;5;243;165;R5G243B165;x
1003;177;133;154;R177G133B154;x
1004;208;181;249;R208G181B249;x
1005;228;136;193;R228G136B193;x
1006;51;56;214;R51G56B214;x
1007;106;193;91;R106G193B91;x
1008;142;152;159;R142G152B159;x
1009;9;115;193;R9G115B193;x
1010;229;122;246;R229G122B246;x
1011;150;209;182;R150G209B182;x
1012;39;108;203;R39G108B203;x
1013;28;2;161;R28G2B161;x
1014;251;57;80;R251G57B80;x
1015;4;7;87;R4G7B87;x
1016;44;80;44;R44G80B44;x
1017;4;210;131;R4G210B131;x
1018;65;2;120;R65G2B120;x
1019;45;3;245;R45G3B245;x
1020;29;57;218;R29G57B218;x
1021;94;99;154;R94G99B154;x
1022;183;63;233;R183G63B233;x
1023;132;132;177;R132G132B177;x
1024;213;86;16;R213G86B16;x
1025;156;81;222;R156G81B222;x
1026;157;211;221;R157G211B221;x
1027;170;90;5;R170G90B5;x
1028;145;156;202;R145G156B202;x
1029;67;197;75;R67G197B75;x
1030;197;102;133;R197G102B133;x
1031;7;178;221;R7G178B221;x
1032;215;211;93;R215G211B93;x
1033;171;62;65;R171G62B65;x
1034;1;148;58;R1G148B58;x
1035;9;172;129;R9G172B129;x
1036;197;110;165;R197G110B165;x
1037;20;143;187;R20G143B187;x
1038;29;130;106;R29G130B106;x
1039;225;152;233;R225G152B233;x
1040;180;5;66;R180G5B66;x
1041;223;188;93;R223G188B93;x
1042;199;198;56;R199G198B56;x
1043;195;78;36;R195G78B36;x
1044;45;240;144;R45G240B144;x
1045;89;92;112;R89G92B112;x
1046;45;178;101;R45G178B101;x
1047;197;143;102;R197G143B102;x
1048;201;20;184;R201G20B184;x
1049;158;111;50;R158G111B50;x
1050;68;1;141;R68G1B141;x
1051;77;111;94;R77G111B94;x
1052;224;255;155;R224G255B155;x
1053;162;94;77;R162G94B77;x
1054;233;13;142;R233G13B142;x
1055;213;159;254;R213G159B254;x
1056;73;192;160;R73G192B160;x
1057;248;235;37;R248G235B37;x
1058;7;21;91;R7G21B91;x
1059;117;98;4;R117G98B4;x
1060;52;35;98;R52G35B98;x
1061;44;128;172;R44G128B172;x
1062;251;33;64;R251G33B64;x
1063;152;94;208;R152G94B208;x
1064;49;65;199;R49G65B199;x
1065;164;133;135;R164G133B135;x
1066;66;15;123;R66G15B123;x
1067;181;145;192;R181G145B192;x
1068;171;30;108;R171G30B108;x
1069;181;31;241;R181G31B241;x
1070;148;67;173;R148G67B173;x
1071;243;24;164;R243G24B164;x
1072;114;70;250;R114G70B250;x
1073;161;235;51;R161G235B51;x
1074;134;55;224;R134G55B224;x
1075;213;75;94;R213G75B94;x
1076;10;100;22;R10G100B22;x
1077;58;21;18;R58G21B18;x
1078;208;124;72;R208G124B72;x
1079;95;95;249;R95G95B249;x
1080;202;79;44;R202G79B44;x
1081;52;158;117;R52G158B117;x
1082;126;246;242;R126G246B242;x
1083;163;167;144;R163G167B144;x
1084;120;45;245;R120G45B245;x
1085;236;226;116;R236G226B116;x
1086;26;158;163;R26G158B163;x
1087;131;42;58;R131G42B58;x
1088;33;81;252;R33G81B252;x
1089;155;73;252;R155G73B252;x
1090;47;144;109;R47G144B109;x
1091;188;232;54;R188G232B54;x
1092;228;115;60;R228G115B60;x
1093;204;164;90;R204G164B90;x
1094;52;193;70;R52G193B70;x
1095;217;236;244;R217G236B244;x
1096;113;113;210;R113G113B210;x
1097;245;46;32;R245G46B32;x
1098;226;76;115;R226G76B115;x
1099;21;116;22;R21G116B22;x
1100;223;127;138;R223G127B138;x
1101;166;167;130;R166G167B130;x
1102;98;199;151;R98G199B151;x
1103;2;4;88;R2G4B88;x
1104;116;221;71;R116G221B71;x
1105;70;30;182;R70G30B182;x
1106;76;85;98;R76G85B98;x
1107;194;8;111;R194G8B111;x
1108;203;15;36;R203G15B36;x
1109;190;99;33;R190G99B33;x
1110;86;127;3;R86G127B3;x
1111;30;165;12;R30G165B12;x
1112;213;11;199;R213G11B199;x
1113;158;212;209;R158G212B209;x
1114;38;6;109;R38G6B109;x
1115;181;128;6;R181G128B6;x
1116;69;51;183;R69G51B183;x
1117;246;98;234;R246G98B234;x
1118;84;13;210;R84G13B210;x
1119;48;213;108;R48G213B108;x
1120;168;67;123;R168G67B123;x
1121;13;240;6;R13G240B6;x
1122;50;156;113;R50G156B113;x
1123;26;219;56;R26G219B56;x
1124;60;93;23;R60G93B23;x
1125;59;193;241;R59G193B241;x
1126;7;214;144;R7G214B144;x
1127;213;42;23;R213G42B23;x
1128;185;245;32;R185G245B32;x
1129;69;217;41;R69G217B41;x
1130;11;43;234;R11G43B234;x
1131;137;203;147;R137G203B147;x
1132;200;207;200;R200G207B200;x
1133;148;77;195;R148G77B195;x
1134;68;18;38;R68G18B38;x
1135;16;229;89;R16G229B89;x
1136;210;127;113;R210G127B113;x
1137;235;45;239;R235G45B239;x
1138;153;72;106;R153G72B106;x
1139;124;17;184;R124G17B184;x
1140;20;3;0;R20G3B0;x
1141;27;59;204;R27G59B204;x
1142;49;231;164;R49G231B164;x
1143;157;145;129;R157G145B129;x
1144;201;14;123;R201G14B123;x
1145;103;111;249;R103G111B249;x
1146;177;227;246;R177G227B246;x
1147;177;118;36;R177G118B36;x
1148;90;30;213;R90G30B213;x
1149;186;45;139;R186G45B139;x
1150;66;102;237;R66G102B237;x
1151;240;0;141;R240G0B141;x
1152;160;38;175;R160G38B175;x
1153;33;12;242;R33G12B242;x
1154;21;134;79;R21G134B79;x
1155;223;13;3;R223G13B3;x
1156;23;75;203;R23G75B203;x
1157;34;56;137;R34G56B137;x
1158;172;99;197;R172G99B197;x
1159;101;195;99;R101G195B99;x
1160;171;217;25;R171G217B25;x
1161;99;159;101;R99G159B101;x
1162;22;164;22;R22G164B22;x
1163;115;61;41;R115G61B41;x
1164;149;172;168;R149G172B168;x
1165;26;214;160;R26G214B160;x
1166;145;164;128;R145G164B128;x
1167;75;203;164;R75G203B164;x
1168;48;147;117;R48G147B117;x
1169;218;68;145;R218G68B145;x
1170;15;58;39;R15G58B39;x
1171;175;45;154;R175G45B154;x
1172;67;112;208;R67G112B208;x
1173;124;59;253;R124G59B253;x
1174;9;65;162;R9G65B162;x
1175;177;213;214;R177G213B214;x
1176;126;113;65;R126G113B65;x
1177;22;84;56;R22G84B56;x
1178;217;185;14;R217G185B14;x
1179;189;40;155;R189G40B155;x
1180;88;46;3;R88G46B3;x
1181;228;114;64;R228G114B64;x
1182;149;58;6;R149G58B6;x
1183;58;65;39;R58G65B39;x
1184;200;235;132;R200G235B132;x
1185;166;53;209;R166G53B209;x
1186;145;15;146;R145G15B146;x
1187;157;239;22;R157G239B22;x
1188;186;44;158;R186G44B158;x
1189;204;95;33;R204G95B33;x
1190;86;65;42;R86G65B42;x
1191;248;163;203;R248G163B203;x
1192;31;123;217;R31G123B217;x
1193;229;255;56;R229G255B56;x
1194;87;104;200;R87G104B200;x
1195;23;58;218;R23G58B218;x
1196;73;61;43;R73G61B43;x
1197;101;240;165;R101G240B165;x
1198;255;140;92;R255G140B92;x
1199;16;173;221;R16G173B221;x
1200;22;69;164;R22G69B164;x
1201;253;67;238;R253G67B238;x
1202;59;38;43;R59G38B43;x
1203;160;238;72;R160G238B72;x
1204;11;146;1;R11G146B1;x
1205;20;80;66;R20G80B66;x
1206;230;162;230;R230G162B230;x
1207;2;189;138;R2G189B138;x
1208;112;45;223;R112G45B223;x
1209;53;82;234;R53G82B234;x
1210;17;215;49;R17G215B49;x
1211;157;18;158;R157G18B158;x
1212;106;247;216;R106G247B216;x
1213;199;19;224;R199G19B224;x
1214;228;161;140;R228G161B140;x
1215;71;71;112;R71G71B112;x
1216;189;61;204;R189G61B204;x
1217;31;216;126;R31G216B126;x
1218;250;222;18;R250G222B18;x
1219;149;122;205;R149G122B205;x
1220;170;49;150;R170G49B150;x
1221;112;140;48;R112G140B48;x
1222;168;43;60;R168G43B60;x
1223;247;229;159;R247G229B159;x
1224;93;137;227;R93G137B227;x
1225;198;39;201;R198G39B201;x
1226;78;132;43;R78G132B43;x
1227;177;146;26;R177G146B26;x
1228;127;108;182;R127G108B182;x
1229;137;178;107;R137G178B107;x
1230;186;23;56;R186G23B56;x
1231;19;104;96;R19G104B96;x
1232;110;178;181;R110G178B181;x
1233;237;241;74;R237G241B74;x
1234;165;153;182;R165G153B182;x
1235;200;232;228;R200G232B228;x
1236;198;155;91;R198G155B91;x
1237;253;245;38;R253G245B38;x
1238;66;17;39;R66G17B39;x
1239;209;183;15;R209G183B15;x
1240;215;218;237;R215G218B237;x
1241;135;53;95;R135G53B95;x
1242;150;77;244;R150G77B244;x
1243;45;38;154;R45G38B154;x
1244;125;82;41;R125G82B41;x
1245;184;71;141;R184G71B141;x
1246;247;27;249;R247G27B249;x
1247;221;100;46;R221G100B46;x
1248;130;115;52;R130G115B52;x
1249;45;160;29;R45G160B29;x
1250;85;184;5;R85G184B5;x
1251;208;114;98;R208G114B98;x
1252;132;18;108;R132G18B108;x
1253;29;101;113;R29G101B113;x
1254;31;18;222;R31G18B222;x
1255;126;59;156;R126G59B156;x
1256;13;141;197;R13G141B197;x
1257;80;100;154;R80G100B154;x
1258;163;249;53;R163G249B53;x
1259;8;36;151;R8G36B151;x
1260;230;150;101;R230G150B101;x
1261;226;63;129;R226G63B129;x
1262;153;90;121;R153G90B121;x
1263;228;30;16;R228G30B16;x
1264;31;25;14;R31G25B14;x
1265;208;39;164;R208G39B164;x
1266;131;112;61;R131G112B61;x
1267;74;187;108;R74G187B108;x
1268;252;178;122;R252G178B122;x
1269;128;253;142;R128G253B142;x
1270;235;129;165;R235G129B165;x
1271;237;134;33;R237G134B33;x
1272;169;93;243;R169G93B243;x
1273;5;155;71;R5G155B71;x
1274;81;11;24;R81G11B24;x
1275;196;156;117;R196G156B117;x
1276;45;127;73;R45G127B73;x
1277;133;139;33;R133G139B33;x
1278;231;183;157;R231G183B157;x
1279;233;198;65;R233G198B65;x
1280;199;82;169;R199G82B169;x
1281;105;251;34;R105G251B34;x
1282;102;56;186;R102G56B186;x
1283;13;27;243;R13G27B243;x
1284;52;232;2;R52G232B2;x
1285;233;67;226;R233G67B226;x
1286;145;78;53;R145G78B53;x
1287;137;124;174;R137G124B174;x
1288;32;13;252;R32G13B252;x
1289;63;109;39;R63G109B39;x
1290;214;195;51;R214G195B51;x
1291;85;183;25;R85G183B25;x
1292;183;34;133;R183G34B133;x
1293;203;44;25;R203G44B25;x
1294;58;237;103;R58G237B103;x
1295;97;86;171;R97G86B171;x
1296;102;57;40;R102G57B40;x
1297;66;221;219;R66G221B219;x
1298;240;194;246;R240G194B246;x
1299;24;46;22;R24G46B22;x
1300;175;242;14;R175G242B14;x
1301;46;115;41;R46G115B41;x
1302;47;56;6;R47G56B6;x
1303;150;137;61;R150G137B61;x
1304;125;57;63;R125G57B63;x
1305;155;35;251;R155G35B251;x
1306;168;194;87;R168G194B87;x
1307;67;126;237;R67G126B237;x
1308;149;23;149;R149G23B149;x
1309;162;218;48;R162G218B48;x
1310;91;95;246;R91G95B246;x
1311;89;199;152;R89G199B152;x
1312;200;246;63;R200G246B63;x
1313;173;211;227;R173G211B227;x
1314;3;58;180;R3G58B180;x
1315;40;197;194;R40G197B194;x
1316;117;100;101;R117G100B101;x
1317;28;67;92;R28G67B92;x
1318;32;168;251;R32G168B251;x
1319;73;91;61;R73G91B61;x
1320;230;240;216;R230G240B216;x
1321;17;78;135;R17G78B135;x
1322;56;124;216;R56G124B216;x
1323;12;143;131;R12G143B131;x
1324;185;114;100;R185G114B100;x
1325;140;4;49;R140G4B49;x
1326;106;137;63;R106G137B63;x
1327;125;225;29;R125G225B29;x
1328;189;50;15;R189G50B15;x
1329;83;60;112;R83G60B112;x
1330;176;33;227;R176G33B227;x
1331;238;220;56;R238G220B56;x
1332;203;67;122;R203G67B122;x
1333;4;202;244;R4G202B244;x
1334;10;207;60;R10G207B60;x
1335;140;17;180;R140G17B180;x
1336;119;227;171;R119G227B171;x
1337;144;234;13;R144G234B13;x
1338;69;111;139;R69G111B139;x
1339;174;15;158;R174G15B158;x
1340;67;169;205;R67G169B205;x
1341;55;248;220;R55G248B220;x
1342;145;137;167;R145G137B167;x
1343;240;239;178;R240G239B178;x
1344;216;178;222;R216G178B222;x
1345;199;197;213;R199G197B213;x
1346;110;158;22;R110G158B22;x
1347;71;210;46;R71G210B46;x
1348;139;200;44;R139G200B44;x
1349;102;90;173;R102G90B173;x
1350;226;36;52;R226G36B52;x
1351;206;162;175;R206G162B175;x
1352;102;237;29;R102G237B29;x
1353;85;206;217;R85G206B217;x
1354;224;247;86;R224G247B86;x
1355;139;111;227;R139G111B227;x
1356;237;91;229;R237G91B229;x
1357;101;184;59;R101G184B59;x
1358;207;18;159;R207G18B159;x
1359;88;155;14;R88G155B14;x
1360;161;209;230;R161G209B230;x
1361;139;6;29;R139G6B29;x
1362;104;182;195;R104G182B195;x
1363;148;192;179;R148G192B179;x
1364;104;225;55;R104G225B55;x
1365;65;124;49;R65G124B49;x
1366;81;125;38;R81G125B38;x
1367;120;112;223;R120G112B223;x
1368;84;5;141;R84G5B141;x
1369;155;124;168;R155G124B168;x
1370;62;33;118;R62G33B118;x
1371;238;120;222;R238G120B222;x
1372;34;40;96;R34G40B96;x
1373;23;212;229;R23G212B229;x
1374;161;72;132;R161G72B132;x
1375;33;161;123;R33G161B123;x
1376;51;45;213;R51G45B213;x
1377;156;120;206;R156G120B206;x
1378;194;36;182;R194G36B182;x
1379;185;98;85;R185G98B85;x
1380;222;75;240;R222G75B240;x
1381;170;150;237;R170G150B237;x
1382;12;247;9;R12G247B9;x
1383;239;151;131;R239G151B131;x
1384;187;209;46;R187G209B46;x
1385;163;34;103;R163G34B103;x
1386;235;52;223;R235G52B223;x
1387;247;40;163;R247G40B163;x
1388;161;106;39;R161G106B39;x
1389;62;138;141;R62G138B141;x
1390;225;19;52;R225G19B52;x
1391;20;21;159;R20G21B159;x
1392;227;8;80;R227G8B80;x
1393;59;93;27;R59G93B27;x
1394;147;167;130;R147G167B130;x
1395;38;77;113;R38G77B113;x
1396;64;6;228;R64G6B228;x
1397;78;180;61;R78G180B61;x
1398;18;225;227;R18G225B227;x
1399;177;176;4;R177G176B4;x
1400;123;20;48;R123G20B48;x
1401;202;147;137;R202G147B137;x
1402;81;168;83;R81G168B83;x
1403;252;249;132;R252G249B132;x
1404;59;222;17;R59G222B17;x
1405;80;124;9;R80G124B9;x
1406;168;95;110;R168G95B110;x
1407;175;89;21;R175G89B21;x
1408;14;116;122;R14G116B122;x
1409;158;209;157;R158G209B157;x
1410;40;92;68;R40G92B68;x
1411;65;116;219;R65G116B219;x
1412;151;167;47;R151G167B47;x
1413;137;149;204;R137G149B204;x
1414;59;177;43;R59G177B43;x
1415;34;13;72;R34G13B72;x
1416;102;177;70;R102G177B70;x
1417;154;183;67;R154G183B67;x
1418;111;160;147;R111G160B147;x
1419;107;228;110;R107G228B110;x
1420;9;20;146;R9G20B146;x
1421;118;239;155;R118G239B155;x
1422;149;126;95;R149G126B95;x
1423;142;147;128;R142G147B128;x
1424;108;96;74;R108G96B74;x
1425;11;166;206;R11G166B206;x
1426;237;65;218;R237G65B218;x
1427;155;221;20;R155G221B20;x
1428;50;164;214;R50G164B214;x
1429;72;117;243;R72G117B243;x
1430;191;40;177;R191G40B177;x
1431;9;26;71;R9G26B71;x
1432;74;65;14;R74G65B14;x
1433;143;11;201;R143G11B201;x
1434;201;184;90;R201G184B90;x
1435;67;122;34;R67G122B34;x
1436;139;85;102;R139G85B102;x
1437;31;74;160;R31G74B160;x
1438;161;222;117;R161G222B117;x
1439;181;32;149;R181G32B149;x
1440;244;155;0;R244G155B0;x
1441;210;25;25;R210G25B25;x
1442;68;45;114;R68G45B114;x
1443;66;122;0;R66G122B0;x
1444;46;87;29;R46G87B29;x
1445;146;83;136;R146G83B136;x
1446;198;123;141;R198G123B141;x
1447;102;237;72;R102G237B72;x
1448;159;206;42;R159G206B42;x
1449;216;107;122;R216G107B122;x
1450;123;34;77;R123G34B77;x
1451;163;100;113;R163G100B113;x
1452;34;231;79;R34G231B79;x
1453;104;111;184;R104G111B184;x
1454;37;213;240;R37G213B240;x
1455;190;89;241;R190G89B241;x
1456;233;242;251;R233G242B251;x
1457;58;231;232;R58G231B232;x
1458;193;223;89;R193G223B89;x
1459;154;248;135;R154G248B135;x
1460;31;195;25;R31G195B25;x
1461;151;213;183;R151G213B183;x
1462;45;37;237;R45G37B237;x
1463;156;66;135;R156G66B135;x
1464;124;73;54;R124G73B54;x
1465;68;34;42;R68G34B42;x
1466;201;254;58;R201G254B58;x
1467;228;136;47;R228G136B47;x
1468;55;56;135;R55G56B135;x
1469;249;249;222;R249G249B222;x
1470;89;120;66;R89G120B66;x
1471;141;138;205;R141G138B205;x
1472;122;253;27;R122G253B27;x
1473;20;13;44;R20G13B44;x
1474;32;85;192;R32G85B192;x
1475;124;224;12;R124G224B12;x
1476;102;9;55;R102G9B55;x
1477;123;22;24;R123G22B24;x
1478;143;34;108;R143G34B108;x
1479;14;220;139;R14G220B139;x
1480;159;3;226;R159G3B226;x
1481;210;197;231;R210G197B231;x
1482;15;200;60;R15G200B60;x
1483;38;50;164;R38G50B164;x
1484;231;206;248;R231G206B248;x
1485;204;219;26;R204G219B26;x
1486;234;89;245;R234G89B245;x
1487;154;74;85;R154G74B85;x
1488;252;72;29;R252G72B29;x
1489;202;235;103;R202G235B103;x
1490;241;201;132;R241G201B132;x
1491;55;63;49;R55G63B49;x
1492;105;132;152;R105G132B152;x
1493;84;128;245;R84G128B245;x
1494;147;209;151;R147G209B151;x
1495;195;210;45;R195G210B45;x
1496;138;80;154;R138G80B154;x
1497;27;206;37;R27G206B37;x
1498;131;67;191;R131G67B191;x
1499;94;90;62;R94G90B62;x
1500;90;52;77;R90G52B77;x
1501;138;6;106;R138G6B106;x
1502;147;216;29;R147G216B29;x
1503;64;118;182;R64G118B182;x
1504;250;0;140;R250G0B140;x
1505;36;146;197;R36G146B197;x
1506;84;178;79;R84G178B79;x
1507;177;13;89;R177G13B89;x
1508;114;143;79;R114G143B79;x
1509;253;254;192;R253G254B192;x
1510;21;32;85;R21G32B85;x
1511;178;219;120;R178G219B120;x
1512;79;141;127;R79G141B127;x
1513;254;56;83;R254G56B83;x
1514;255;75;242;R255G75B242;x
1515;239;200;36;R239G200B36;x
1516;13;114;186;R13G114B186;x
1517;179;172;173;R179G172B173;x
1518;148;218;37;R148G218B37;x
1519;119;187;22;R119G187B22;x
1520;87;44;254;R87G44B254;x
1521;152;5;138;R152G5B138;x
1522;136;116;207;R136G116B207;x
1523;179;5;147;R179G5B147;x
1524;56;182;131;R56G182B131;x
1525;117;32;98;R117G32B98;x
1526;222;27;145;R222G27B145;x
1527;249;210;84;R249G210B84;x
1528;164;12;149;R164G12B149;x
1529;80;128;96;R80G128B96;x
1530;132;105;161;R132G105B161;x
1531;47;13;132;R47G13B132;x
1532;234;235;61;R234G235B61;x
1533;223;9;71;R223G9B71;x
1534;235;120;94;R235G120B94;x
1535;156;46;31;R156G46B31;x
1536;160;26;205;R160G26B205;x
1537;102;227;237;R102G227B237;x
1538;110;92;91;R110G92B91;x
1539;121;0;108;R121G0B108;x
1540;16;136;170;R16G136B170;x
1541;209;64;32;R209G64B32;x
1542;69;232;64;R69G232B64;x
1543;109;161;30;R109G161B30;x
1544;71;21;145;R71G21B145;x
1545;133;226;114;R133G226B114;x
1546;219;0;143;R219G0B143;x
1547;126;164;87;R126G164B87;x
1548;42;109;61;R42G109B61;x
1549;154;249;181;R154G249B181;x
1550;65;66;231;R65G66B231;x
1551;205;147;130;R205G147B130;x
1552;172;106;9;R172G106B9;x
1553;71;180;241;R71G180B241;x
1554;31;35;60;R31G35B60;x
1555;59;74;75;R59G74B75;x
1556;52;198;42;R52G198B42;x
1557;19;220;114;R19G220B114;x
1558;47;153;123;R47G153B123;x
1559;121;132;4;R121G132B4;x
1560;84;96;233;R84G96B233;x
1561;139;214;46;R139G214B46;x
1562;71;242;223;R71G242B223;x
1563;9;67;142;R9G67B142;x
1564;2;142;142;R2G142B142;x
1565;175;174;43;R175G174B43;x
1566;23;3;88;R23G3B88;x
1567;231;53;222;R231G53B222;x
1568;18;141;47;R18G141B47;x
1569;137;158;193;R137G158B193;x
1570;154;192;221;R154G192B221;x
1571;230;21;60;R230G21B60;x
1572;225;164;68;R225G164B68;x
1573;23;43;1;R23G43B1;x
1574;6;179;150;R6G179B150;x
1575;225;107;149;R225G107B149;x
1576;210;52;57;R210G52B57;x
1577;166;118;147;R166G118B147;x
1578;60;52;23;R60G52B23;x
1579;131;202;241;R131G202B241;x
1580;54;217;217;R54G217B217;x
1581;112;117;150;R112G117B150;x
1582;227;216;135;R227G216B135;x
1583;210;150;232;R210G150B232;x
1584;246;231;125;R246G231B125;x
1585;54;151;116;R54G151B116;x
1586;22;115;184;R22G115B184;x
1587;202;200;161;R202G200B161;x
1588;13;220;108;R13G220B108;x
1589;121;141;117;R121G141B117;x
1590;191;140;148;R191G140B148;x
1591;225;45;2;R225G45B2;x
1592;67;52;80;R67G52B80;x
1593;166;120;106;R166G120B106;x
1594;83;184;168;R83G184B168;x
1595;164;78;26;R164G78B26;x
1596;28;226;234;R28G226B234;x
1597;253;190;224;R253G190B224;x
1598;242;51;243;R242G51B243;x
1599;128;80;99;R128G80B99;x
1600;84;42;210;R84G42B210;x
1601;81;119;108;R81G119B108;x
1602;186;74;190;R186G74B190;x
1603;81;8;88;R81G8B88;x
1604;99;49;198;R99G49B198;x
1605;213;186;124;R213G186B124;x
1606;110;142;81;R110G142B81;x
1607;208;150;115;R208G150B115;x
1608;222;107;236;R222G107B236;x
1609;213;46;19;R213G46B19;x
1610;255;12;124;R255G12B124;x
1611;137;42;20;R137G42B20;x
1612;6;109;222;R6G109B222;x
1613;244;65;35;R244G65B35;x
1614;27;159;238;R27G159B238;x
1615;175;52;223;R175G52B223;x
1616;151;80;106;R151G80B106;x
1617;151;168;235;R151G168B235;x
1618;151;173;87;R151G173B87;x
1619;142;35;119;R142G35B119;x
1620;131;156;81;R131G156B81;x
1621;98;9;140;R98G9B140;x
1622;22;222;107;R22G222B107;x
1623;184;178;118;R184G178B118;x
1624;77;133;79;R77G133B79;x
1625;53;237;112;R53G237B112;x
1626;39;108;246;R39G108B246;x
1627;230;2;17;R230G2B17;x
1628;171;37;251;R171G37B251;x
1629;71;30;79;R71G30B79;x
1630;106;103;181;R106G103B181;x
1631;197;12;109;R197G12B109;x
1632;158;206;70;R158G206B70;x
1633;6;73;237;R6G73B237;x
1634;199;230;60;R199G230B60;x
1635;125;57;221;R125G57B221;x
1636;183;35;224;R183G35B224;x
1637;249;122;116;R249G122B116;x
1638;118;233;112;R118G233B112;x
1639;210;142;38;R210G142B38;x
1640;168;206;111;R168G206B111;x
1641;24;29;153;R24G29B153;x
1642;254;233;239;R254G233B239;x
1643;196;126;237;R196G126B237;x
1644;22;209;3;R22G209B3;x
1645;176;108;122;R176G108B122;x
1646;112;176;219;R112G176B219;x
1647;182;210;73;R182G210B73;x
1648;210;86;224;R210G86B224;x
1649;168;215;11;R168G215B11;x
1650;224;4;216;R224G4B216;x
1651;39;97;93;R39G97B93;x
1652;131;137;44;R131G137B44;x
1653;193;115;75;R193G115B75;x
1654;134;74;239;R134G74B239;x
1655;149;112;18;R149G112B18;x
1656;199;95;189;R199G95B189;x
1657;25;31;173;R25G31B173;x
1658;58;171;66;R58G171B66;x
1659;52;86;160;R52G86B160;x
1660;145;179;134;R145G179B134;x
1661;197;125;0;R197G125B0;x
1662;248;88;121;R248G88B121;x
1663;110;55;20;R110G55B20;x
1664;187;123;75;R187G123B75;x
1665;255;23;25;R255G23B25;x
1666;166;190;39;R166G190B39;x
1667;199;205;140;R199G205B140;x
1668;57;11;195;R57G11B195;x
1669;221;12;22;R221G12B22;x
1670;222;254;48;R222G254B48;x
1671;4;42;238;R4G42B238;x
1672;127;151;231;R127G151B231;x
1673;134;241;118;R134G241B118;x
1674;79;135;203;R79G135B203;x
1675;198;93;150;R198G93B150;x
1676;153;253;167;R153G253B167;x
1677;230;195;191;R230G195B191;x
1678;15;215;57;R15G215B57;x
1679;163;174;45;R163G174B45;x
1680;218;155;202;R218G155B202;x
1681;55;205;95;R55G205B95;x
1682;71;235;9;R71G235B9;x
1683;190;195;123;R190G195B123;x
1684;243;135;120;R243G135B120;x
1685;123;213;238;R123G213B238;x
1686;12;237;166;R12G237B166;x
1687;182;218;196;R182G218B196;x
1688;213;7;218;R213G7B218;x
1689;26;222;39;R26G222B39;x
1690;109;186;180;R109G186B180;x
1691;69;190;228;R69G190B228;x
1692;186;163;240;R186G163B240;x
1693;198;247;92;R198G247B92;x
1694;242;187;16;R242G187B16;x
1695;181;34;164;R181G34B164;x
1696;143;176;174;R143G176B174;x
1697;210;48;210;R210G48B210;x
1698;28;153;224;R28G153B224;x
1699;169;22;204;R169G22B204;x
1700;168;150;186;R168G150B186;x
1701;135;187;127;R135G187B127;x
1702;133;76;253;R133G76B253;x
1703;140;190;15;R140G190B15;x
1704;78;49;117;R78G49B117;x
1705;203;4;46;R203G4B46;x
1706;217;223;29;R217G223B29;x
1707;116;40;250;R116G40B250;x
1708;234;144;22;R234G144B22;x
1709;67;254;162;R67G254B162;x
1710;42;212;169;R42G212B169;x
1711;130;238;253;R130G238B253;x
1712;171;22;204;R171G22B204;x
1713;78;194;187;R78G194B187;x
1714;67;114;38;R67G114B38;x
1715;8;24;88;R8G24B88;x
1716;217;36;56;R217G36B56;x
1717;226;168;13;R226G168B13;x
1718;149;151;79;R149G151B79;x
1719;143;29;20;R143G29B20;x
1720;205;31;8;R205G31B8;x
1721;16;19;9;R16G19B9;x
1722;172;135;0;R172G135B0;x
1723;154;163;72;R154G163B72;x
1724;77;55;196;R77G55B196;x
1725;128;197;159;R128G197B159;x
1726;141;20;13;R141G20B13;x
1727;244;247;7;R244G247B7;x
1728;125;103;158;R125G103B158;x
1729;59;6;13;R59G6B13;x
1730;227;86;75;R227G86B75;x
1731;102;53;96;R102G53B96;x
1732;18;143;193;R18G143B193;x
1733;159;62;156;R159G62B156;x
1734;61;44;210;R61G44B210;x
1735;34;73;205;R34G73B205;x
1736;158;238;50;R158G238B50;x
1737;222;78;141;R222G78B141;x
1738;16;134;194;R16G134B194;x
1739;106;151;28;R106G151B28;x
1740;40;187;6;R40G187B6;x
1741;166;182;180;R166G182B180;x
1742;108;196;184;R108G196B184;x
1743;45;185;47;R45G185B47;x
1744;216;0;226;R216G0B226;x
1745;8;86;249;R8G86B249;x
1746;41;139;93;R41G139B93;x
1747;37;31;253;R37G31B253;x
1748;212;99;152;R212G99B152;x
1749;21;19;157;R21G19B157;x
1750;115;253;133;R115G253B133;x
1751;122;207;12;R122G207B12;x
1752;137;49;17;R137G49B17;x
1753;19;238;162;R19G238B162;x
1754;164;216;131;R164G216B131;x
1755;8;92;109;R8G92B109;x
1756;24;180;243;R24G180B243;x
1757;117;117;139;R117G117B139;x
1758;122;206;109;R122G206B109;x
1759;110;193;87;R110G193B87;x
1760;44;144;62;R44G144B62;x
1761;174;98;37;R174G98B37;x
1762;59;61;28;R59G61B28;x
1763;51;28;175;R51G28B175;x
1764;197;102;79;R197G102B79;x
1765;155;178;154;R155G178B154;x
1766;74;43;215;R74G43B215;x
1767;58;185;87;R58G185B87;x
1768;133;114;124;R133G114B124;x
1769;166;60;60;R166G60B60;x
1770;173;123;130;R173G123B130;x
1771;82;179;217;R82G179B217;x
1772;23;83;58;R23G83B58;x
1773;61;241;97;R61G241B97;x
1774;89;185;213;R89G185B213;x
1775;86;40;20;R86G40B20;x
1776;218;60;94;R218G60B94;x
1777;218;179;191;R218G179B191;x
1778;79;195;34;R79G195B34;x
1779;80;53;18;R80G53B18;x
1780;78;187;165;R78G187B165;x
1781;101;234;38;R101G234B38;x
1782;67;69;3;R67G69B3;x
1783;148;233;120;R148G233B120;x
1784;166;234;146;R166G234B146;x
1785;27;155;211;R27G155B211;x
1786;134;31;187;R134G31B187;x
1787;62;13;121;R62G13B121;x
1788;31;105;124;R31G105B124;x
1789;202;227;164;R202G227B164;x
1790;12;164;168;R12G164B168;x
1791;28;65;41;R28G65B41;x
1792;145;175;37;R145G175B37;x
1793;21;4;146;R21G4B146;x
1794;111;75;25;R111G75B25;x
1795;84;232;239;R84G232B239;x
1796;156;3;227;R156G3B227;x
1797;36;171;18;R36G171B18;x
1798;184;170;166;R184G170B166;x
1799;6;188;81;R6G188B81;x
1800;113;136;247;R113G136B247;x
1801;167;62;205;R167G62B205;x
1802;126;156;108;R126G156B108;x
1803;184;115;71;R184G115B71;x
1804;201;76;203;R201G76B203;x
1805;164;102;167;R164G102B167;x
1806;141;196;30;R141G196B30;x
1807;205;203;33;R205G203B33;x
1808;49;151;146;R49G151B146;x
1809;239;21;141;R239G21B141;x
1810;204;242;38;R204G242B38;x
1811;209;141;69;R209G141B69;x
1812;20;156;157;R20G156B157;x
1813;78;223;109;R78G223B109;x
1814;208;202;219;R208G202B219;x
1815;10;135;43;R10G135B43;x
1816;23;199;182;R23G199B182;x
1817;118;26;197;R118G26B197;x
1818;77;119;95;R77G119B95;x
1819;145;162;228;R145G162B228;x
1820;65;235;121;R65G235B121;x
1821;148;247;130;R148G247B130;x
1822;0;167;174;R0G167B174;x
1823;119;83;187;R119G83B187;x
1824;184;49;134;R184G49B134;x
1825;72;48;72;R72G48B72;x
1826;127;181;103;R127G181B103;x
1827;250;26;185;R250G26B185;x
1828;52;255;209;R52G255B209;x
1829;91;134;116;R91G134B116;x
1830;186;153;206;R186G153B206;x
1831;189;122;201;R189G122B201;x
1832;170;33;125;R170G33B125;x
1833;63;80;58;R63G80B58;x
1834;65;88;6;R65G88B6;x
1835;211;85;28;R211G85B28;x
1836;131;186;123;R131G186B123;x
1837;170;146;70;R170G146B70;x
1838;21;126;65;R21G126B65;x
1839;135;147;251;R135G147B251;x
1840;247;46;201;R247G46B201;x
1841;35;208;38;R35G208B38;x
1842;100;211;136;R100G211B136;x
1843;16;236;187;R16G236B187;x
1844;89;243;219;R89G243B219;x
1845;204;93;108;R204G93B108;x
1846;70;97;56;R70G97B56;x
1847;126;203;136;R126G203B136;x
1848;13;217;205;R13G217B205;x
1849;203;59;140;R203G59B140;x
1850;141;135;37;R141G135B37;x
1851;117;97;179;R117G97B179;x
1852;30;21;253;R30G21B253;x
1853;49;52;50;R49G52B50;x
1854;23;180;216;R23G180B216;x
1855;243;195;113;R243G195B113;x
1856;237;253;142;R237G253B142;x
1857;75;155;209;R75G155B209;x
1858;131;127;124;R131G127B124;x
1859;239;95;176;R239G95B176;x
1860;15;239;61;R15G239B61;x
1861;184;144;167;R184G144B167;x
1862;56;138;154;R56G138B154;x
1863;197;71;114;R197G71B114;x
1864;101;129;205;R101G129B205;x
1865;74;122;135;R74G122B135;x
1866;69;103;242;R69G103B242;x
1867;126;246;201;R126G246B201;x
1868;133;167;62;R133G167B62;x
1869;32;201;33;R32G201B33;x
1870;142;157;245;R142G157B245;x
1871;213;122;148;R213G122B148;x
1872;73;177;18;R73G177B18;x
1873;104;97;13;R104G97B13;x
1874;84;111;119;R84G111B119;x
1875;81;253;46;R81G253B46;x
1876;97;243;12;R97G243B12;x
1877;190;205;72;R190G205B72;x
1878;166;89;96;R166G89B96;x
1879;107;98;148;R107G98B148;x
1880;118;55;52;R118G55B52;x
1881;238;235;113;R238G235B113;x
1882;149;1;238;R149G1B238;x
1883;74;29;206;R74G29B206;x
1884;240;181;114;R240G181B114;x
1885;136;72;93;R136G72B93;x
1886;121;35;169;R121G35B169;x
1887;101;214;189;R101G214B189;x
1888;1;254;194;R1G254B194;x
1889;14;248;15;R14G248B15;x
1890;35;219;110;R35G219B110;x
1891;233;63;119;R233G63B119;x
1892;251;0;214;R251G0B214;x
1893;127;100;86;R127G100B86;x
1894;100;31;161;R100G31B161;x
1895;124;161;180;R124G161B180;x
1896;132;119;180;R132G119B180;x
1897;63;4;151;R63G4B151;x
1898;144;87;100;R144G87B100;x
1899;16;23;19;R16G23B19;x
1900;4;100;243;R4G100B243;x
1901;202;225;149;R202G225B149;x
1902;90;128;166;R90G128B166;x
1903;55;5;246;R55G5B246;x
1904;166;142;137;R166G142B137;x
1905;108;166;52;R108G166B52;x
1906;174;231;72;R174G231B72;x
1907;117;199;72;R117G199B72;x
1908;198;174;116;R198G174B116;x
1909;5;97;167;R5G97B167;x
1910;97;181;77;R97G181B77;x
1911;82;22;23;R82G22B23;x
1912;44;164;211;R44G164B211;x
1913;152;129;230;R152G129B230;x
1914;149;84;77;R149G84B77;x
1915;235;119;217;R235G119B217;x
1916;237;62;248;R237G62B248;x
1917;72;16;171;R72G16B171;x
1918;158;173;215;R158G173B215;x
1919;236;161;76;R236G161B76;x
1920;113;87;51;R113G87B51;x
1921;159;5;189;R159G5B189;x
1922;138;94;44;R138G94B44;x
1923;165;221;135;R165G221B135;x
1924;208;80;163;R208G80B163;x
1925;176;202;148;R176G202B148;x
1926;159;71;252;R159G71B252;x
1927;26;237;240;R26G237B240;x
1928;44;150;187;R44G150B187;x
1929;244;179;125;R244G179B125;x
1930;50;55;90;R50G55B90;x
1931;103;243;39;R103G243B39;x
1932;106;217;165;R106G217B165;x
1933;118;141;169;R118G141B169;x
1934;82;86;23;R82G86B23;x
1935;27;215;211;R27G215B211;x
1936;247;22;187;R247G22B187;x
1937;69;218;205;R69G218B205;x
1938;177;41;87;R177G41B87;x
1939;194;183;189;R194G183B189;x
1940;64;144;78;R64G144B78;x
1941;204;58;56;R204G58B56;x
1942;113;19;249;R113G19B249;x
1943;144;53;63;R144G53B63;x
1944;45;59;88;R45G59B88;x
1945;245;35;15;R245G35B15;x
1946;184;206;202;R184G206B202;x
1947;55;61;211;R55G61B211;x
1948;57;84;223;R57G84B223;x
1949;61;95;59;R61G95B59;x
1950;16;163;74;R16G163B74;x
1951;3;75;2;R3G75B2;x
1952;157;192;118;R157G192B118;x
1953;27;19;104;R27G19B104;x
1954;171;201;222;R171G201B222;x
1955;148;179;74;R148G179B74;x
1956;243;119;52;R243G119B52;x
1957;106;238;6;R106G238B6;x
1958;43;230;111;R43G230B111;x
1959;18;113;88;R18G113B88;x
1960;102;236;24;R102G236B24;x
1961;3;199;12;R3G199B12;x
1962;31;242;21;R31G242B21;x
1963;151;147;83;R151G147B83;x
1964;133;78;251;R133G78B251;x
1965;92;20;149;R92G20B149;x
1966;90;21;4;R90G21B4;x
1967;211;188;3;R211G188B3;x
1968;90;46;119;R90G46B119;x
1969;31;246;88;R31G246B88;x
1970;227;117;59;R227G117B59;x
1971;64;82;17;R64G82B17;x
1972;138;45;180;R138G45B180;x
1973;69;6;109;R69G6B109;x
1974;195;42;141;R195G42B141;x
1975;134;209;36;R134G209B36;x
1976;235;140;233;R235G140B233;x
1977;198;53;159;R198G53B159;x
1978;214;207;222;R214G207B222;x
1979;182;201;73;R182G201B73;x
1980;76;137;224;R76G137B224;x
1981;24;229;242;R24G229B242;x
1982;29;111;31;R29G111B31;x
1983;164;95;0;R164G95B0;x
1984;4;17;35;R4G17B35;x
1985;250;147;237;R250G147B237;x
1986;96;8;83;R96G8B83;x
1987;108;99;103;R108G99B103;x
1988;32;67;48;R32G67B48;x
1989;243;224;81;R243G224B81;x
1990;212;79;68;R212G79B68;x
1991;100;114;254;R100G114B254;x
1992;12;58;183;R12G58B183;x
1993;147;147;118;R147G147B118;x
1994;154;246;72;R154G246B72;x
1995;76;31;196;R76G31B196;x
1996;199;49;7;R199G49B7;x
1997;151;178;202;R151G178B202;x
1998;54;51;33;R54G51B33;x
1999;233;24;183;R233G24B183;x
2000;159;194;194;R159G194B194;x
2001;227;244;177;R227G244B177;x
2002;96;40;33;R96G40B33;x
2003;192;232;7;R192G232B7;x
2004;145;43;159;R145G43B159;x
2005;157;167;187;R157G167B187;x
2006;4;249;102;R4G249B102;x
2007;138;110;215;R138G110B215;x
2008;67;41;254;R67G41B254;x
2009;48;235;131;R48G235B131;x
2010;42;5;149;R42G5B149;x
2011;200;232;29;R200G232B29;x
2012;12;155;39;R12G155B39;x
2013;242;233;232;R242G233B232;x
2014;126;70;79;R126G70B79;x
2015;63;99;48;R63G99B48;x
2016;251;221;19;R251G221B19;x
2017;198;228;226;R198G228B226;x
2018;24;202;61;R24G202B61;x
2019;70;119;51;R70G119B51;x
2020;80;136;194;R80G136B194;x
2021;165;192;10;R165G192B10;x
2022;126;131;104;R126G131B104;x
2023;30;116;43;R30G116B43;x
2024;57;241;148;R57G241B148;x
2025;156;177;187;R156G177B187;x
2026;72;123;160;R72G123B160;x
2027;90;73;196;R90G73B196;x
2028;172;62;44;R172G62B44;x
2029;131;190;148;R131G190B148;x
2030;157;39;71;R157G39B71;x
2031;61;182;60;R61G182B60;x
2032;46;246;71;R46G246B71;x
2033;101;71;250;R101G71B250;x
2034;147;193;230;R147G193B230;x
2035;142;38;22;R142G38B22;x
2036;199;8;183;R199G8B183;x
2037;32;5;101;R32G5B101;x
2038;104;100;170;R104G100B170;x
2039;84;105;155;R84G105B155;x
2040;8;237;117;R8G237B117;x
2041;173;178;22;R173G178B22;x
2042;174;143;182;R174G143B182;x
2043;178;38;222;R178G38B222;x
2044;184;240;253;R184G240B253;x
2045;53;82;187;R53G82B187;x
2046;67;215;226;R67G215B226;x
2047;21;198;210;R21G198B210;x
2048;186;90;194;R186G90B194;x
2049;113;252;244;R113G252B244;x
2050;99;154;40;R99G154B40;x
2051;144;26;183;R144G26B183;x
2052;240;131;138;R240G131B138;x
2053;240;144;9;R240G144B9;x
2054;192;26;48;R192G26B48;x
2055;103;35;242;R103G35B242;x
2056;183;218;240;R183G218B240;x
2057;98;117;224;R98G117B224;x
2058;6;100;228;R6G100B228;x
2059;49;141;238;R49G141B238;x
2060;168;92;145;R168G92B145;x
2061;30;116;35;R30G116B35;x
2062;41;241;9;R41G241B9;x
2063;171;145;134;R171G145B134;x
2064;152;50;178;R152G50B178;x
2065;87;18;36;R87G18B36;x
2066;154;43;134;R154G43B134;x
2067;187;25;82;R187G25B82;x
2068;102;239;120;R102G239B120;x
2069;211;158;130;R211G158B130;x
2070;83;60;51;R83G60B51;x
2071;246;33;174;R246G33B174;x
2072;95;104;122;R95G104B122;x
2073;119;74;194;R119G74B194;x
2074;206;142;157;R206G142B157;x
2075;118;86;106;R118G86B106;x
2076;119;79;46;R119G79B46;x
2077;90;24;82;R90G24B82;x
2078;178;88;133;R178G88B133;x
2079;228;75;98;R228G75B98;x
2080;101;178;98;R101G178B98;x
2081;79;127;234;R79G127B234;x
2082;142;199;12;R142G199B12;x
2083;56;124;200;R56G124B200;x
2084;172;143;138;R172G143B138;x
2085;228;178;72;R228G178B72;x
2086;226;45;3;R226G45B3;x
2087;129;182;71;R129G182B71;x
2088;51;142;9;R51G142B9;x
2089;26;64;164;R26G64B164;x
2090;248;226;183;R248G226B183;x
2091;240;38;182;R240G38B182;x
2092;55;108;130;R55G108B130;x
2093;104;34;115;R104G34B115;x
2094;227;182;238;R227G182B238;x
2095;234;170;49;R234G170B49;x
2096;153;224;202;R153G224B202;x
2097;255;67;46;R255G67B46;x
2098;139;98;221;R139G98B221;x
2099;14;119;108;R14G119B108;x
2100;35;152;86;R35G152B86;x
2101;158;41;224;R158G41B224;x
2102;63;1;44;R63G1B44;x
2103;14;113;237;R14G113B237;x
2104;73;116;134;R73G116B134;x
2105;102;247;100;R102G247B100;x
2106;200;123;34;R200G123B34;x
2107;139;73;182;R139G73B182;x
2108;238;112;42;R238G112B42;x
2109;209;241;37;R209G241B37;x
2110;12;225;212;R12G225B212;x
2111;157;228;53;R157G228B53;x
2112;49;112;109;R49G112B109;x
2113;171;103;147;R171G103B147;x
2114;132;170;184;R132G170B184;x
2115;215;84;243;R215G84B243;x
2116;181;251;28;R181G251B28;x
2117;122;160;62;R122G160B62;x
2118;50;218;106;R50G218B106;x
2119;184;127;67;R184G127B67;x
2120;71;129;221;R71G129B221;x
2121;240;206;159;R240G206B159;x
2122;129;45;69;R129G45B69;x
2123;11;244;85;R11G244B85;x
2124;199;120;6;R199G120B6;x
2125;4;38;225;R4G38B225;x
2126;69;116;255;R69G116B255;x
2127;84;31;119;R84G31B119;x
2128;16;193;46;R16G193B46;x
2129;111;212;167;R111G212B167;x
2130;47;152;118;R47G152B118;x
2131;159;65;217;R159G65B217;x
2132;48;193;31;R48G193B31;x
2133;26;20;196;R26G20B196;x
2134;34;113;154;R34G113B154;x
2135;146;12;241;R146G12B241;x
2136;123;36;169;R123G36B169;x
2137;121;4;184;R121G4B184;x
2138;45;227;124;R45G227B124;x
2139;161;78;208;R161G78B208;x
2140;110;92;247;R110G92B247;x
2141;193;0;199;R193G0B199;x
2142;215;24;8;R215G24B8;x
2143;237;190;18;R237G190B18;x
2144;93;83;171;R93G83B171;x
2145;254;29;232;R254G29B232;x
2146;177;29;127;R177G29B127;x
2147;182;155;173;R182G155B173;x
2148;87;85;73;R87G85B73;x
2149;9;178;10;R9G178B10;x
2150;69;23;21;R69G23B21;x
2151;174;58;10;R174G58B10;x
2152;32;143;26;R32G143B26;x
2153;56;202;42;R56G202B42;x
2154;195;183;142;R195G183B142;x
2155;111;126;34;R111G126B34;x
2156;77;111;228;R77G111B228;x
2157;20;255;169;R20G255B169;x
2158;72;70;239;R72G70B239;x
2159;206;183;143;R206G183B143;x
2160;162;8;84;R162G8B84;x
2161;186;79;228;R186G79B228;x
2162;97;126;239;R97G126B239;x
2163;115;43;48;R115G43B48;x
2164;231;91;150;R231G91B150;x
2165;38;116;9;R38G116B9;x
2166;254;161;224;R254G161B224;x
2167;151;235;185;R151G235B185;x
2168;173;35;31;R173G35B31;x
2169;132;190;47;R132G190B47;x
2170;88;225;16;R88G225B16;x
2171;20;28;73;R20G28B73;x
2172;175;172;118;R175G172B118;x
2173;222;34;234;R222G34B234;x
2174;69;138;149;R69G138B149;x
2175;215;205;157;R215G205B157;x
2176;89;171;154;R89G171B154;x
2177;51;180;101;R51G180B101;x
2178;59;203;144;R59G203B144;x
2179;106;115;217;R106G115B217;x
2180;57;112;80;R57G112B80;x
2181;81;119;48;R81G119B48;x
2182;178;74;0;R178G74B0;x
2183;224;24;30;R224G24B30;x
2184;130;212;85;R130G212B85;x
2185;181;158;228;R181G158B228;x
2186;139;216;45;R139G216B45;x
2187;244;230;221;R244G230B221;x
2188;34;231;228;R34G231B228;x
2189;254;111;65;R254G111B65;x
2190;120;193;31;R120G193B31;x
2191;110;164;14;R110G164B14;x
2192;184;77;79;R184G77B79;x
2193;187;10;200;R187G10B200;x
2194;49;54;31;R49G54B31;x
2195;206;33;159;R206G33B159;x
2196;251;24;131;R251G24B131;x
2197;41;182;30;R41G182B30;x
2198;56;30;208;R56G30B208;x
2199;145;113;80;R145G113B80;x
2200;107;110;156;R107G110B156;x
2201;98;27;146;R98G27B146;x
2202;247;250;224;R247G250B224;x
2203;184;106;178;R184G106B178;x
2204;192;204;148;R192G204B148;x
2205;20;251;116;R20G251B116;x
2206;30;110;53;R30G110B53;x
2207;12;129;39;R12G129B39;x
2208;18;172;232;R18G172B232;x
2209;27;220;191;R27G220B191;x
2210;244;169;91;R244G169B91;x
2211;1;58;125;R1G58B125;x
2212;143;233;253;R143G233B253;x
2213;68;128;111;R68G128B111;x
2214;157;49;150;R157G49B150;x
2215;182;70;49;R182G70B49;x
2216;114;243;228;R114G243B228;x
2217;52;3;185;R52G3B185;x
2218;10;123;90;R10G123B90;x
2219;171;53;202;R171G53B202;x
2220;164;5;61;R164G5B61;x
2221;207;220;248;R207G220B248;x
2222;238;145;240;R238G145B240;x
2223;46;204;30;R46G204B30;x
2224;169;191;201;R169G191B201;x
2225;210;195;97;R210G195B97;x
2226;93;47;232;R93G47B232;x
2227;88;207;14;R88G207B14;x
2228;229;109;230;R229G109B230;x
2229;22;255;187;R22G255B187;x
2230;43;50;177;R43G50B177;x
2231;142;216;215;R142G216B215;x
2232;78;224;180;R78G224B180;x
2233;219;101;74;R219G101B74;x
2234;172;78;163;R172G78B163;x
2235;205;50;48;R205G50B48;x
2236;120;28;222;R120G28B222;x
2237;79;36;30;R79G36B30;x
2238;116;188;54;R116G188B54;x
2239;63;164;206;R63G164B206;x
2240;187;15;41;R187G15B41;x
2241;182;3;185;R182G3B185;x
2242;252;135;116;R252G135B116;x
2243;46;3;76;R46G3B76;x
2244;107;87;147;R107G87B147;x
2245;148;185;93;R148G185B93;x
2246;205;254;85;R205G254B85;x
2247;6;192;108;R6G192B108;x
2248;28;237;204;R28G237B204;x
2249;2;186;111;R2G186B111;x
2250;43;164;241;R43G164B241;x
2251;212;231;88;R212G231B88;x
2252;153;235;49;R153G235B49;x
2253;219;71;108;R219G71B108;x
2254;19;149;172;R19G149B172;x
2255;61;45;240;R61G45B240;x
2256;58;204;222;R58G204B222;x
2257;168;167;9;R168G167B9;x
2258;179;3;90;R179G3B90;x
2259;84;109;216;R84G109B216;x
2260;131;141;229;R131G141B229;x
2261;175;80;137;R175G80B137;x
2262;151;120;100;R151G120B100;x
2263;102;134;96;R102G134B96;x
2264;114;67;193;R114G67B193;x
2265;174;252;251;R174G252B251;x
2266;145;72;115;R145G72B115;x
2267;242;193;199;R242G193B199;x
2268;53;232;23;R53G232B23;x
2269;193;1;126;R193G1B126;x
2270;144;245;86;R144G245B86;x
2271;249;75;107;R249G75B107;x
2272;215;252;64;R215G252B64;x
2273;239;38;227;R239G38B227;x
2274;184;86;184;R184G86B184;x
2275;184;171;93;R184G171B93;x
2276;177;210;241;R177G210B241;x
2277;31;220;105;R31G220B105;x
2278;0;49;28;R0G49B28;x
2279;75;0;167;R75G0B167;x
2280;171;132;229;R171G132B229;x
2281;177;236;79;R177G236B79;x
2282;76;33;176;R76G33B176;x
2283;58;212;250;R58G212B250;x
2284;90;14;46;R90G14B46;x
2285;229;241;6;R229G241B6;x
2286;64;9;221;R64G9B221;x
2287;202;138;202;R202G138B202;x
2288;59;43;85;R59G43B85;x
2289;249;107;190;R249G107B190;x
2290;146;4;224;R146G4B224;x
2291;106;189;10;R106G189B10;x
2292;131;253;120;R131G253B120;x
2293;91;239;54;R91G239B54;x
2294;191;200;151;R191G200B151;x
2295;178;210;243;R178G210B243;x
2296;90;222;161;R90G222B161;x
2297;69;58;177;R69G58B177;x
2298;0;161;31;R0G161B31;x
2299;125;47;9;R125G47B9;x
2300;241;15;196;R241G15B196;x
2301;38;47;157;R38G47B157;x
2302;226;33;216;R226G33B216;x
2303;224;192;209;R224G192B209;x
2304;135;249;170;R135G249B170;x
2305;91;220;250;R91G220B250;x
2306;175;41;79;R175G41B79;x
2307;197;19;25;R197G19B25;x
2308;159;93;61;R159G93B61;x
2309;249;111;111;R249G111B111;x
2310;76;167;247;R76G167B247;x
2311;45;107;240;R45G107B240;x
2312;235;108;230;R235G108B230;x
2313;176;58;145;R176G58B145;x
2314;12;11;24;R12G11B24;x
2315;218;146;237;R218G146B237;x
2316;130;30;227;R130G30B227;x
2317;144;221;204;R144G221B204;x
2318;119;230;212;R119G230B212;x
2319;113;217;7;R113G217B7;x
2320;21;83;9;R21G83B9;x
2321;157;237;141;R157G237B141;x
2322;240;252;106;R240G252B106;x
2323;80;108;63;R80G108B63;x
2324;116;240;253;R116G240B253;x
2325;200;138;166;R200G138B166;x
2326;122;231;91;R122G231B91;x
2327;171;95;192;R171G95B192;x
2328;15;103;170;R15G103B170;x
2329;189;226;117;R189G226B117;x
2330;96;16;158;R96G16B158;x
2331;178;125;1;R178G125B1;x
2332;245;218;238;R245G218B238;x
2333;233;73;23;R233G73B23;x
2334;253;60;96;R253G60B96;x
2335;126;181;176;R126G181B176;x
2336;166;12;34;R166G12B34;x
2337;246;204;97;R246G204B97;x
2338;75;79;57;R75G79B57;x
2339;22;240;229;R22G240B229;x
2340;56;174;29;R56G174B29;x
2341;171;165;246;R171G165B246;x
2342;196;17;78;R196G17B78;x
2343;137;19;248;R137G19B248;x
2344;228;101;79;R228G101B79;x
2345;171;148;17;R171G148B17;x
2346;104;176;50;R104G176B50;x
2347;129;130;102;R129G130B102;x
2348;113;64;108;R113G64B108;x
2349;171;168;78;R171G168B78;x
2350;111;133;182;R111G133B182;x
2351;158;49;196;R158G49B196;x
2352;221;164;237;R221G164B237;x
2353;66;99;198;R66G99B198;x
2354;225;215;210;R225G215B210;x
2355;250;178;88;R250G178B88;x
2356;75;217;43;R75G217B43;x
2357;69;95;62;R69G95B62;x
2358;91;179;244;R91G179B244;x
2359;187;129;97;R187G129B97;x
2360;196;230;147;R196G230B147;x
2361;135;135;246;R135G135B246;x
2362;246;45;116;R246G45B116;x
2363;188;94;118;R188G94B118;x
2364;106;89;80;R106G89B80;x
2365;197;74;112;R197G74B112;x
2366;63;154;39;R63G154B39;x
2367;198;98;51;R198G98B51;x
2368;113;109;81;R113G109B81;x
2369;140;103;121;R140G103B121;x
2370;82;104;67;R82G104B67;x
2371;86;196;71;R86G196B71;x
2372;98;37;117;R98G37B117;x
2373;202;224;247;R202G224B247;x
2374;139;45;178;R139G45B178;x
2375;76;136;54;R76G136B54;x
2376;241;136;35;R241G136B35;x
2377;186;62;106;R186G62B106;x
2378;120;130;247;R120G130B247;x
2379;228;46;158;R228G46B158;x
2380;154;10;82;R154G10B82;x
2381;228;216;208;R228G216B208;x
2382;127;220;250;R127G220B250;x
2383;80;113;224;R80G113B224;x
2384;89;112;14;R89G112B14;x
2385;30;183;12;R30G183B12;x
2386;232;168;199;R232G168B199;x
2387;197;107;94;R197G107B94;x
2388;85;60;197;R85G60B197;x
2389;52;197;246;R52G197B246;x
2390;228;204;143;R228G204B143;x
2391;2;83;253;R2G83B253;x
2392;250;27;91;R250G27B91;x
2393;191;202;167;R191G202B167;x
2394;20;17;55;R20G17B55;x
2395;96;115;239;R96G115B239;x
2396;176;156;204;R176G156B204;x
2397;67;215;34;R67G215B34;x
2398;149;198;102;R149G198B102;x
2399;215;90;222;R215G90B222;x
2400;224;66;0;R224G66B0;x
2401;125;65;50;R125G65B50;x
2402;133;189;5;R133G189B5;x
2403;97;123;220;R97G123B220;x
2404;221;123;160;R221G123B160;x
2405;7;19;108;R7G19B108;x
2406;229;33;48;R229G33B48;x
2407;82;114;203;R82G114B203;x
2408;141;22;18;R141G22B18;x
2409;31;94;76;R31G94B76;x
2410;216;167;38;R216G167B38;x
2411;154;99;199;R154G99B199;x
2412;13;199;194;R13G199B194;x
2413;81;222;160;R81G222B160;x
2414;107;192;148;R107G192B148;x
2415;89;55;52;R89G55B52;x
2416;177;45;26;R177G45B26;x
2417;116;148;182;R116G148B182;x
2418;170;178;97;R170G178B97;x
2419;91;121;243;R91G121B243;x
2420;234;55;56;R234G55B56;x
2421;36;131;61;R36G131B61;x
2422;141;40;223;R141G40B223;x
2423;89;142;158;R89G142B158;x
2424;12;92;219;R12G92B219;x
2425;97;44;253;R97G44B253;x
2426;84;241;137;R84G241B137;x
2427;207;91;164;R207G91B164;x
2428;123;36;127;R123G36B127;x
2429;181;4;81;R181G4B81;x
2430;159;11;184;R159G11B184;x
2431;123;152;226;R123G152B226;x
2432;191;249;40;R191G249B40;x
2433;254;236;162;R254G236B162;x
2434;79;23;60;R79G23B60;x
2435;190;30;113;R190G30B113;x
2436;108;101;104;R108G101B104;x
2437;238;68;113;R238G68B113;x
2438;69;98;238;R69G98B238;x
2439;75;195;143;R75G195B143;x
2440;226;13;191;R226G13B191;x
2441;9;49;47;R9G49B47;x
2442;114;238;103;R114G238B103;x
2443;239;54;6;R239G54B6;x
2444;66;197;24;R66G197B24;x
2445;242;168;134;R242G168B134;x
2446;249;247;39;R249G247B39;x
2447;86;125;155;R86G125B155;x
2448;27;226;38;R27G226B38;x
2449;17;20;227;R17G20B227;x
2450;120;255;116;R120G255B116;x
2451;236;206;68;R236G206B68;x
2452;238;165;17;R238G165B17;x
2453;88;171;120;R88G171B120;x
2454;28;18;192;R28G18B192;x
2455;126;53;86;R126G53B86;x
2456;51;255;46;R51G255B46;x
2457;56;140;115;R56G140B115;x
2458;26;155;104;R26G155B104;x
2459;74;77;70;R74G77B70;x
2460;79;62;226;R79G62B226;x
2461;245;204;38;R245G204B38;x
2462;156;17;187;R156G17B187;x
2463;113;195;160;R113G195B160;x
2464;236;241;36;R236G241B36;x
2465;206;43;8;R206G43B8;x
2466;34;49;66;R34G49B66;x
2467;132;124;137;R132G124B137;x
2468;70;247;187;R70G247B187;x
2469;25;187;139;R25G187B139;x
2470;252;72;149;R252G72B149;x
2471;58;235;242;R58G235B242;x
2472;115;233;81;R115G233B81;x
2473;246;136;211;R246G136B211;x
2474;146;244;66;R146G244B66;x
2475;71;6;161;R71G6B161;x
2476;210;190;215;R210G190B215;x
2477;141;165;235;R141G165B235;x
2478;211;117;120;R211G117B120;x
2479;92;178;247;R92G178B247;x
2480;109;61;184;R109G61B184;x
2481;85;184;208;R85G184B208;x
2482;74;114;185;R74G114B185;x
2483;138;6;188;R138G6B188;x
2484;47;216;96;R47G216B96;x
2485;84;254;83;R84G254B83;x
2486;204;254;168;R204G254B168;x
2487;246;142;187;R246G142B187;x
2488;52;70;129;R52G70B129;x
2489;148;15;15;R148G15B15;x
2490;41;117;211;R41G117B211;x
2491;162;118;194;R162G118B194;x
2492;157;252;141;R157G252B141;x
2493;212;114;106;R212G114B106;x
2494;81;90;255;R81G90B255;x
2495;221;14;203;R221G14B203;x
2496;233;23;121;OCEAN;x
2497;36;210;8;OCEAN;x
2498;152;194;45;OCEAN;x
2499;73;222;243;OCEAN;x
2500;108;208;208;OCEAN;x
2501;249;133;117;OCEAN;x
2502;239;69;131;OCEAN;x
2503;231;65;46;OCEAN;x
2504;22;177;202;OCEAN;x
2505;92;87;111;OCEAN;x
2506;214;47;89;OCEAN;x
2507;233;1;122;OCEAN;x
2508;28;5;49;OCEAN;x
2509;75;236;215;OCEAN;x
2510;141;253;221;OCEAN;x
2511;11;219;15;OCEAN;x
2512;253;111;234;OCEAN;x
2513;60;159;223;OCEAN;x
2514;62;94;23;OCEAN;x
2515;43;245;132;OCEAN;x
2516;59;149;14;OCEAN;x
2517;243;125;249;OCEAN;x
2518;30;156;30;OCEAN;x
2519;158;179;209;OCEAN;x
2520;99;123;109;OCEAN;x
2521;10;71;164;OCEAN;x
2522;151;55;173;OCEAN;x
2523;180;169;158;OCEAN;x
2524;23;186;75;OCEAN;x
2525;170;186;70;OCEAN;x
2526;230;84;65;OCEAN;x
2527;152;25;3;OCEAN;x
2528;27;193;46;OCEAN;x
2529;42;22;176;OCEAN;x
2530;178;116;111;OCEAN;x
2531;22;137;220;OCEAN;x
2532;202;57;234;OCEAN;x
2533;246;133;156;OCEAN;x
2534;152;19;33;OCEAN;x
2535;48;247;9;OCEAN;x
2536;25;15;158;OCEAN;x
2537;228;31;201;OCEAN;x
2538;17;161;51;OCEAN;x
2539;6;13;15;OCEAN;x
2540;97;249;100;OCEAN;x
2541;78;168;176;OCEAN;x
2542;119;223;233;OCEAN;x
2543;12;140;100;OCEAN;x
2544;39;115;87;OCEAN;x
2545;66;214;120;OCEAN;x
2546;82;180;80;OCEAN;x
2547;120;185;154;OCEAN;x
2548;136;118;163;OCEAN;x
2549;120;16;159;OCEAN;x
2550;229;77;161;OCEAN;x
2551;16;132;236;OCEAN;x
2552;85;142;182;OCEAN;x
2553;97;132;218;OCEAN;x
2554;22;48;236;OCEAN;x
2555;157;145;224;OCEAN;x
2556;243;14;129;OCEAN;x
2557;135;3;60;OCEAN;x
2558;120;149;31;OCEAN;x
2559;76;195;14;OCEAN;x
2560;196;59;120;OCEAN;x
2561;146;177;138;OCEAN;x
2562;248;143;103;OCEAN;x
2563;246;186;167;OCEAN;x
2564;34;140;14;OCEAN;x
2565;177;135;200;OCEAN;x
2566;9;153;225;OCEAN;x
2567;245;208;111;OCEAN;x
2568;104;87;168;OCEAN;x
2569;14;7;1;OCEAN;x
2570;137;12;102;OCEAN;x
2571;193;214;0;OCEAN;x
2572;246;182;111;OCEAN;x
2573;238;100;157;OCEAN;x
2574;13;93;250;OCEAN;x
2575;9;99;193;OCEAN;x
2576;204;9;246;OCEAN;x
2577;96;242;91;OCEAN;x
2578;232;229;53;OCEAN;x
2579;100;207;32;OCEAN;x
2580;80;133;132;OCEAN;x
2581;229;7;15;OCEAN;x
2582;19;126;113;OCEAN;x
2583;236;183;254;OCEAN;x
2584;69;36;92;OCEAN;x
2585;82;176;96;OCEAN;x
2586;44;22;95;OCEAN;x
2587;253;48;188;OCEAN;x
2588;1;191;97;OCEAN;x
2589;243;115;64;OCEAN;x
2590;119;142;35;OCEAN;x
2591;11;152;131;OCEAN;x
2592;18;89;104;OCEAN;x
2593;189;186;124;OCEAN;x
2594;119;30;143;OCEAN;x
2595;171;7;163;OCEAN;x
2596;53;50;105;OCEAN;x
2597;241;236;155;OCEAN;x
2598;136;161;218;OCEAN;x
2599;254;191;66;OCEAN;x
2600;16;101;114;OCEAN;x
2601;149;140;45;OCEAN;x
2602;190;97;207;OCEAN;x
2603;22;219;49;OCEAN;x
2604;115;5;1;OCEAN;x
2605;248;54;152;OCEAN;x
2606;46;35;26;OCEAN;x
2607;183;220;247;OCEAN;x
2608;126;97;30;OCEAN;x
2609;184;91;180;OCEAN;x
2610;149;46;89;OCEAN;x
2611;122;140;171;OCEAN;x
2612;144;151;49;OCEAN;x
2613;220;167;60;OCEAN;x
2614;171;139;120;OCEAN;x
2615;116;67;28;OCEAN;x
2616;123;88;47;OCEAN;x
2617;123;137;22;OCEAN;x
2618;163;131;209;OCEAN;x
2619;118;10;22;LAKE;x
2620;34;192;202;OCEAN;x
2621;41;229;195;OCEAN;x
2622;155;173;126;OCEAN;x
2623;200;155;92;OCEAN;x
2624;0;241;203;OCEAN;x
2625;58;83;197;OCEAN;x
2626;214;203;45;OCEAN;x
2627;77;41;214;OCEAN;x
2628;63;255;1;OCEAN;x
2629;127;164;17;OCEAN;x
2630;76;143;147;OCEAN;x
2631;136;242;226;OCEAN;x
2632;173;53;228;OCEAN;x
2633;226;129;74;OCEAN;x
2634;195;24;213;OCEAN;x
2635;151;230;61;OCEAN;x
2636;153;153;98;OCEAN;x
2637;230;176;42;OCEAN;x
2638;139;190;210;OCEAN;x
2639;173;23;67;OCEAN;x
2640;64;10;190;OCEAN;x
2641;23;20;166;OCEAN;x
2642;104;11;180;OCEAN;x
2643;120;122;68;OCEAN;x
2644;241;139;114;OCEAN;x
2645;231;15;145;OCEAN;x
2646;45;91;132;OCEAN;x
2647;11;56;3;OCEAN;x
2648;227;209;251;OCEAN;x
2649;229;178;106;OCEAN;x
2650;74;127;95;OCEAN;x
2651;41;221;157;OCEAN;x
2652;69;168;126;OCEAN;x
2653;87;145;155;OCEAN;x
2654;1;138;35;OCEAN;x
2655;212;197;17;OCEAN;x
2656;240;12;106;OCEAN;x
2657;40;56;63;OCEAN;x
2658;4;223;2;OCEAN;x
2659;59;222;92;OCEAN;x
2660;26;124;128;OCEAN;x
2661;177;163;229;OCEAN;x
2662;56;201;121;OCEAN;x
2663;134;45;82;OCEAN;x
2664;166;254;70;OCEAN;x
2665;170;154;18;OCEAN;x
2666;201;172;23;OCEAN;x
2667;205;238;62;OCEAN;x
2668;215;140;22;OCEAN;x
2669;186;93;117;OCEAN;x
2670;168;197;11;OCEAN;x
2671;122;100;216;OCEAN;x
2672;59;245;127;OCEAN;x
2673;104;117;4;OCEAN;x
2674;122;104;181;OCEAN;x
2675;208;116;158;OCEAN;x
2676;153;117;28;OCEAN;x
2677;67;22;63;OCEAN;x
2678;219;242;19;OCEAN;x
2679;63;155;82;OCEAN;x
2680;123;183;192;OCEAN;x
2681;164;238;132;OCEAN;x
2682;153;154;87;OCEAN;x
2683;110;46;132;OCEAN;x
2684;27;30;156;OCEAN;x
2685;118;63;156;OCEAN;x
2686;45;2;50;OCEAN;x
2687;245;171;15;OCEAN;x
2688;114;236;202;OCEAN;x
2689;230;223;139;OCEAN;x
2690;183;154;112;OCEAN;x
2691;37;242;35;OCEAN;x
2692;255;111;151;OCEAN;x
2693;6;179;34;OCEAN;x
2694;249;107;19;OCEAN;x
2695;112;4;147;OCEAN;x
2696;212;129;103;OCEAN;x
2697;71;156;100;OCEAN;x
2698;190;241;255;OCEAN;x
2699;55;23;44;OCEAN;x
2700;160;238;162;OCEAN;x
2701;63;146;248;OCEAN;x
2702;4;200;111;OCEAN;x
2703;210;104;216;OCEAN;x
2704;133;196;153;OCEAN;x
2705;119;27;188;OCEAN;x
2706;210;100;179;OCEAN;x
2707;122;165;106;OCEAN;x
2708;130;147;30;OCEAN;x
2709;182;56;235;OCEAN;x
2710;227;187;44;OCEAN;x
2711;138;52;44;OCEAN;x
2712;35;166;135;OCEAN;x
2713;105;113;109;OCEAN;x
2714;182;30;206;OCEAN;x
2715;135;245;106;OCEAN;x
2716;218;93;161;OCEAN;x
2717;111;133;34;OCEAN;x
2718;246;49;228;OCEAN;x
2719;82;84;29;OCEAN;x
2720;3;113;71;OCEAN;x
2721;47;234;228;OCEAN;x
2722;5;137;199;OCEAN;x
2723;188;215;171;OCEAN;x
2724;57;124;133;OCEAN;x
2725;116;109;223;OCEAN;x
2726;30;77;186;OCEAN;x
2727;13;22;182;OCEAN;x
2728;162;94;54;OCEAN;x
2729;167;13;228;OCEAN;x
2730;212;59;219;OCEAN;x
2731;214;81;122;OCEAN;x
2732;242;31;129;OCEAN;x
2733;245;229;195;OCEAN;x
2734;158;181;71;OCEAN;x
2735;23;204;17;OCEAN;x
2736;235;205;61;OCEAN;x
2737;155;211;232;OCEAN;x
2738;33;118;226;OCEAN;x
2739;205;62;219;OCEAN;x
2740;252;80;167;OCEAN;x
2741;187;114;228;OCEAN;x
2742;178;104;87;OCEAN;x
2743;224;4;136;OCEAN;x
2744;135;97;236;OCEAN;x
2745;203;73;228;OCEAN;x
2746;230;240;13;LAKE;x
2747;131;78;153;LAKE;x
2748;182;112;48;LAKE;x
2749;161;225;84;LAKE;x
2750;183;58;131;LAKE;x
2751;77;125;51;LAKE;x
2752;103;104;216;LAKE;x
2753;207;90;92;LAKE;x
2754;205;178;64;LAKE;x
2755;209;79;236;LAKE;x
2756;154;12;194;LAKE;x
2757;201;148;196;LAKE;x
2758;111;124;156;LAKE;x
2759;133;217;57;LAKE;x
2760;130;171;6;LAKE;x
2761;29;6;172;LAKE;x
2762;27;122;16;LAKE;x
2763;71;37;198;LAKE;x
2764;52;22;73;LAKE;x
2765;252;160;230;LAKE;x
2766;120;54;135;LAKE;x
2767;229;35;165;LAKE;x
2768;124;238;75;LAKE;x
2769;205;74;78;LAKE;x
2770;247;234;219;LAKE;x
2771;239;121;152;LAKE;x
2772;126;127;56;LAKE;x
2773;247;245;50;LAKE;x
2774;199;125;167;LAKE;x
2775;23;196;148;LAKE;x
2776;67;183;22;LAKE;x
2777;138;126;127;LAKE;x
2778;76;133;129;LAKE;x
2779;11;127;76;LAKE;x
2780;110;207;159;LAKE;x
2781;174;153;36;LAKE;x
2782;128;98;47;LAKE;x
2783;250;185;80;LAKE;x
2784;218;242;168;LAKE;x
2785;6;169;32;LAKE;x
2786;122;222;57;LAKE;x
2787;222;122;133;LAKE;x
2788;79;191;100;LAKE;x
2789;172;55;4;LAKE;x
2790;108;231;63;LAKE;x
2791;196;27;91;LAKE;x
2792;28;54;87;LAKE;x
2793;63;139;239;LAKE;x
2794;206;11;76;LAKE;x
2795;156;70;242;LAKE;x
2796;16;63;213;LAKE;x
2797;75;14;130;LAKE;x
2798;234;243;173;LAKE;x
2799;13;243;227;LAKE;x
2800;241;117;209;LAKE;x
2801;146;6;29;LAKE;x
2802;67;40;181;LAKE;x
2803;219;34;35;LAKE;x
2804;121;164;119;LAKE;x
2805;202;91;190;LAKE;x
2806;154;186;144;LAKE;x
2807;239;52;98;LAKE;x
2808;97;208;28;LAKE;x
2809;145;47;12;LAKE;x
2810;174;135;206;LAKE;x
2811;216;63;117;LAKE;x
2812;118;254;144;LAKE;x
2813;23;250;243;LAKE;x
2814;204;42;249;LAKE;x
2815;99;7;85;LAKE;x
2816;237;194;219;LAKE;x
2817;20;40;222;LAKE;x
2818;253;208;3;LAKE;x
2819;22;71;199;LAKE;x
2820;94;159;244;LAKE;x
2821;220;58;221;LAKE;x
2822;166;51;29;LAKE;x
2823;9;56;124;LAKE;x
2824;226;125;33;LAKE;x
2825;155;250;236;LAKE;x
2826;43;50;102;LAKE;x
2827;88;216;87;LAKE;x
2828;165;116;247;LAKE;x
2829;166;223;244;LAKE;x
2830;45;26;164;LAKE;x
2831;122;201;98;LAKE;x
2832;210;49;68;LAKE;x
2833;252;220;57;LAKE;x
2834;255;255;228;LAKE;x
2835;49;36;77;LAKE;x
2836;206;88;134;LAKE;x
2837;185;227;104;LAKE;x
2838;157;102;224;LAKE;x
2839;167;2;129;LAKE;x
2840;75;247;2;LAKE;x
2841;12;49;26;LAKE;x
2842;150;104;7;LAKE;x
2843;59;204;79;LAKE;x
2844;56;197;9;LAKE;x
2845;150;68;129;LAKE;x
2846;246;178;55;LAKE;x
2847;65;97;208;LAKE;x
2848;136;253;128;LAKE;x
2849;59;113;116;LAKE;x
2850;35;90;23;LAKE;x
2851;44;138;51;LAKE;x
2852;230;47;112;LAKE;x
2853;25;161;110;LAKE;x
2854;152;61;235;LAKE;x
2855;255;238;197;LAKE;x
2856;16;176;72;LAKE;x
2857;190;146;28;LAKE;x
2858;155;86;68;LAKE;x
2859;15;5;126;LAKE;x
2860;57;62;105;LAKE;x
2861;79;120;4;LAKE;x
2862;150;118;58;LAKE;x
2863;68;148;175;LAKE;x
2864;41;18;2;LAKE;x
2865;70;15;153;LAKE;x
2866;6;217;122;LAKE;x
2867;121;85;251;LAKE;x
2868;57;110;0;LAKE;x
2869;5;167;203;LAKE;x
2870;55;201;95;LAKE;x
2871;34;203;9;LAKE;x
2872;85;193;130;LAKE;x
2873;177;202;88;LAKE;x
2874;136;53;191;LAKE;x
2875;193;171;142;LAKE;x
2876;40;132;27;LAKE;x
2877;20;94;24;LAKE;x
2878;184;9;11;LAKE;x
2879;192;58;16;LAKE;x
2880;16;43;208;LAKE;x
2881;125;85;209;LAKE;x
2882;63;38;165;LAKE;x
2883;8;246;147;LAKE;x
2884;12;83;105;LAKE;x
2885;107;111;37;LAKE;x
2886;227;155;117;LAKE;x
2887;136;175;214;LAKE;x
2888;132;82;161;LAKE;x
2889;153;245;132;LAKE;x
2890;242;153;54;LAKE;x
2891;68;234;236;LAKE;x
2892;217;167;55;LAKE;x
2893;91;241;15;LAKE;x
2894;158;93;83;LAKE;x
2895;139;205;147;LAKE;x
2896;144;19;40;LAKE;x
2897;91;135;90;LAKE;x
2898;12;5;89;LAKE;x
2899;211;12;30;LAKE;x
2900;206;210;185;LAKE;x
2901;101;198;13;LAKE;x
2902;110;250;155;LAKE;x
2903;148;108;195;LAKE;x
2904;184;104;38;LAKE;x
2905;33;72;190;LAKE;x
2906;120;161;97;LAKE;x
2907;178;31;87;LAKE;x
2908;157;101;136;LAKE;x
2909;56;18;254;LAKE;x
2910;17;205;218;LAKE;x
2911;68;95;1;LAKE;x
2912;64;81;52;LAKE;x
2913;36;11;2;LAKE;x
2914;159;66;154;LAKE;x
2915;114;119;134;LAKE;x
2916;52;224;64;LAKE;x
2917;215;25;80;LAKE;x
2918;89;183;180;LAKE;x
2919;120;170;173;LAKE;x
2920;20;60;238;LAKE;x
2921;169;39;157;LAKE;x
2922;168;158;197;LAKE;x
2923;42;94;188;LAKE;x
2924;159;29;133;LAKE;x
2925;247;255;208;LAKE;x
2926;236;244;23;LAKE;x
2927;25;186;220;LAKE;x
2928;106;150;68;LAKE;x
2929;66;119;192;LAKE;x
2930;161;128;30;LAKE;x
2931;159;11;60;LAKE;x
2932;35;152;92;LAKE;x
2933;66;41;11;LAKE;x
2934;155;153;158;LAKE;x
2935;20;188;169;LAKE;x
2936;134;228;239;LAKE;x
2937;163;74;18;LAKE;x
2938;195;22;108;LAKE;x
2939;48;242;222;LAKE;x
2940;251;133;84;LAKE;x
2941;243;9;224;LAKE;x
2942;230;208;66;LAKE;x
2943;11;57;214;LAKE;x
2944;90;39;96;LAKE;x
2945;233;92;90;LAKE;x
2946;118;82;212;LAKE;x
2947;213;89;59;LAKE;x
2948;75;24;167;LAKE;x
2949;39;86;229;LAKE;x
2950;185;237;188;LAKE;x
2951;78;116;87;LAKE;x
2952;168;81;206;LAKE;x
2953;3;59;159;LAKE;x
2954;206;119;204;LAKE;x
2955;10;24;53;LAKE;x
2956;210;184;249;LAKE;x
2957;177;128;127;LAKE;x
2958;235;43;173;LAKE;x
2959;245;11;172;LAKE;x
2960;43;148;137;LAKE;x
2961;109;176;172;LAKE;x
2962;46;108;125;LAKE;x
2963;25;52;125;LAKE;x
2964;86;36;234;LAKE;x
2965;46;58;36;LAKE;x
2966;177;143;232;LAKE;x
2967;43;188;24;LAKE;x
2968;154;62;129;LAKE;x
2969;173;194;110;LAKE;x
2970;95;168;78;LAKE;x
2971;56;29;118;LAKE;x
2972;59;169;8;LAKE;x
2973;222;8;183;LAKE;x
2974;237;71;80;LAKE;x
2975;63;145;74;LAKE;x
2976;196;186;250;LAKE;x
2977;183;224;215;LAKE;x
2978;168;167;84;LAKE;x
2979;49;3;155;LAKE;x
2980;40;1;123;LAKE;x
2981;13;119;77;LAKE;x
2982;209;34;207;LAKE;x
2983;250;120;129;LAKE;x
2984;245;64;48;LAKE;x
2985;87;160;36;LAKE;x
2986;75;20;134;LAKE;x
2987;45;243;211;LAKE;x
2988;94;53;126;LAKE;x
2989;64;63;78;LAKE;x
2990;44;174;56;LAKE;x
2991;80;189;218;LAKE;x
2992;228;81;6;LAKE;x
2993;189;195;254;LAKE;x
2994;94;41;106;LAKE;x
2995;231;129;65;LAKE;x
2996;183;142;191;LAKE;x
2997;170;24;88;LAKE;x
2998;242;248;225;LAKE;x
2999;89;19;249;LAKE;x
3000;39;5;2;LAKE;x
3001;40;110;232;LAKE;x
3002;250;213;47;LAKE;x
3003;124;127;174;LAKE;x
3004;101;89;223;LAKE;x
3005;77;248;138;LAKE;x
3006;181;229;231;LAKE;x
3007;167;53;189;LAKE;x
3008;45;13;221;LAKE;x
3009;38;103;214;LAKE;x
3010;200;180;159;LAKE;x
3011;241;21;89;LAKE;x
3012;83;78;13;LAKE;x
3013;71;16;56;LAKE;x
3014;63;139;179;LAKE;x
3015;6;11;29;LAKE;x
3016;187;182;122;LAKE;x
3017;126;218;234;LAKE;x
3018;48;119;222;LAKE;x
3019;214;220;84;LAKE;x
3020;148;179;246;LAKE;x
3021;107;119;24;LAKE;x
3022;218;62;195;LAKE;x
3023;13;66;190;LAKE;x
3024;196;91;252;LAKE;x
3025;204;198;247;LAKE;x
3026;242;172;55;LAKE;x
3027;86;156;83;LAKE;x
3028;217;35;71;LAKE;x
3029;230;150;136;LAKE;x
3030;232;63;194;LAKE;x
3031;123;94;176;LAKE;x
3032;58;239;70;LAKE;x
3033;175;198;202;LAKE;x
3034;127;222;14;LAKE;x
3035;91;164;3;LAKE;x
3036;111;71;146;LAKE;x
3037;61;13;82;LAKE;x
3038;150;71;58;LAKE;x
3039;89;159;175;LAKE;x
3040;27;56;233;LAKE;x
3041;210;241;174;LAKE;x
3042;207;159;255;LAKE;x
3043;137;76;87;LAKE;x
3044;37;230;171;LAKE;x
3045;232;101;121;LAKE;x
3046;253;156;187;LAKE;x
3047;49;61;56;LAKE;x
3048;13;32;161;LAKE;x
3049;211;235;128;LAKE;x
3050;70;171;25;LAKE;x
3051;173;142;13;LAKE;x
3052;133;52;197;LAKE;x
3053;110;220;112;LAKE;x
3054;182;67;34;LAKE;x
3055;221;244;201;LAKE;x
3056;50;28;79;LAKE;x
3057;111;232;174;LAKE;x
3058;44;237;98;LAKE;x
3059;108;154;159;LAKE;x
3060;115;72;209;LAKE;x
3061;210;109;144;LAKE;x
3062;253;169;149;LAKE;x
3063;92;108;233;LAKE;x
3064;177;216;75;LAKE;x
3065;184;66;39;LAKE;x
3066;223;145;45;LAKE;x
3067;28;250;166;LAKE;x
3068;62;160;107;LAKE;x
3069;152;162;203;LAKE;x
3070;117;89;12;LAKE;x
3071;27;216;196;LAKE;x
3072;230;6;130;LAKE;x
3073;194;0;5;LAKE;x
3074;194;66;221;LAKE;x
3075;77;189;23;LAKE;x
3076;56;235;145;LAKE;x
3077;179;149;204;LAKE;x
3078;167;109;112;LAKE;x
3079;27;147;43;LAKE;x
3080;164;134;24;LAKE;x
3081;171;191;228;LAKE;x
3082;158;159;191;LAKE;x
3083;150;186;240;LAKE;x
3084;178;204;249;LAKE;x
3085;238;23;15;LAKE;x
3086;176;128;119;LAKE;x
3087;84;41;128;LAKE;x
3088;208;253;77;LAKE;x
3089;65;225;34;LAKE;x
3090;109;122;23;LAKE;x
3091;28;129;244;LAKE;x
3092;180;204;255;LAKE;x
3093;165;179;62;LAKE;x
3094;95;85;145;LAKE;x
3095;85;34;53;LAKE;x
3096;82;112;212;LAKE;x
3097;131;41;182;LAKE;x
3098;220;107;72;LAKE;x
3099;138;170;165;LAKE;x
3100;207;32;57;LAKE;x
3101;44;231;111;LAKE;x
3102;136;155;161;LAKE;x
3103;174;113;142;LAKE;x
3104;41;180;9;LAKE;x
3105;5;199;134;LAKE;x
3106;197;206;59;LAKE;x
3107;25;215;40;LAKE;x
3108;11;194;25;LAKE;x
3109;125;140;238;LAKE;x
3110;89;113;60;LAKE;x
3111;86;190;227;LAKE;x
3112;84;45;197;LAKE;x
3113;38;218;117;LAKE;x
3114;239;231;3;LAKE;x
3115;229;85;193;LAKE;x
3116;172;86;101;LAKE;x
3117;115;35;69;LAKE;x
3118;190;114;160;LAKE;x
3119;36;238;51;LAKE;x
3120;146;154;75;LAKE;x
3121;202;60;231;LAKE;x
3122;194;83;23;LAKE;x
3123;127;155;140;LAKE;x
3124;38;55;158;LAKE;x
3125;222;139;25;LAKE;x
3126;47;169;68;LAKE;x
3127;15;208;62;LAKE;x
3128;231;43;18;LAKE;x
3129;241;19;26;LAKE;x
3130;227;53;120;LAKE;x
3131;161;21;237;LAKE;x
3132;161;46;15;LAKE;x
3133;247;164;103;LAKE;x
3134;16;255;46;LAKE;x
3135;251;254;167;LAKE;x
3136;79;4;109;LAKE;x
3137;162;183;166;LAKE;x
3138;177;208;82;LAKE;x
3139;103;15;178;LAKE;x
3140;198;91;92;LAKE;x
3141;76;114;16;LAKE;x
3142;185;74;107;LAKE;x
3143;79;18;21;LAKE;x
3144;57;155;217;LAKE;x
3145;111;131;144;LAKE;x
3146;28;242;204;LAKE;x
3147;161;45;111;LAKE;x
3148;120;180;49;LAKE;x
3149;147;53;255;LAKE;x
3150;41;53;209;LAKE;x
3151;33;201;123;LAKE;x
3152;158;159;213;LAKE;x
3153;2;186;118;LAKE;x
3154;105;164;47;LAKE;x
3155;146;123;176;LAKE;x
3156;148;133;98;LAKE;x
3157;125;239;203;LAKE;x
3158;82;108;90;LAKE;x
3159;64;236;183;LAKE;x
3160;232;83;243;LAKE;x
3161;184;39;146;LAKE;x
3162;113;160;222;LAKE;x
3163;246;32;77;LAKE;x
3164;52;69;153;LAKE;x
3165;11;191;11;LAKE;x
3166;254;223;73;LAKE;x
3167;238;106;66;LAKE;x
3168;67;56;201;LAKE;x
3169;106;97;192;LAKE;x
3170;102;131;228;LAKE;x
3171;195;164;101;LAKE;x
3172;239;23;207;LAKE;x
3173;146;222;152;LAKE;x
3174;98;170;19;LAKE;x
3175;20;112;135;LAKE;x
3176;58;141;84;LAKE;x
3177;16;238;54;LAKE;x
3178;224;114;245;LAKE;x
3179;40;242;191;LAKE;x
3180;1;245;69;LAKE;x
3181;99;105;110;LAKE;x
3182;177;155;229;LAKE;x
3183;106;51;121;LAKE;x
3184;167;96;181;LAKE;x
3185;203;132;83;LAKE;x
3186;162;172;149;LAKE;x
3187;172;252;123;LAKE;x
3188;119;36;69;LAKE;x
3189;88;12;80;LAKE;x
3190;207;104;242;LAKE;x
3191;127;42;169;LAKE;x
3192;29;153;231;LAKE;x
3193;210;120;97;LAKE;x
3194;223;144;232;LAKE;x
3195;173;136;105;LAKE;x
3196;107;134;63;LAKE;x
3197;159;57;190;LAKE;x
3198;66;207;109;LAKE;x
3199;199;161;250;LAKE;x
3200;189;185;209;LAKE;x
3201;215;32;112;LAKE;x
3202;151;87;81;LAKE;x
3203;43;17;66;LAKE;x
3204;84;37;112;LAKE;x
3205;46;132;16;LAKE;x
3206;200;82;218;LAKE;x
3207;208;61;132;LAKE;x
3208;172;94;200;LAKE;x
3209;235;57;26;LAKE;x
3210;40;231;250;LAKE;x
3211;142;147;4;LAKE;x
3212;100;96;166;LAKE;x
3213;157;246;207;LAKE;x
3214;1;9;172;LAKE;x
3215;40;28;53;LAKE;x
3216;189;132;245;LAKE;x
3217;157;40;49;LAKE;x
3218;71;238;118;LAKE;x
3219;159;160;14;LAKE;x
3220;98;4;51;LAKE;x
3221;197;29;126;LAKE;x
3222;66;67;12;LAKE;x
3223;125;92;8;LAKE;x
3224;21;42;244;LAKE;x
3225;195;117;138;LAKE;x
3226;21;146;190;LAKE;x
3227;21;100;13;LAKE;x
3228;94;3;145;LAKE;x
3229;110;55;67;LAKE;x
3230;221;123;70;LAKE;x
3231;123;19;174;LAKE;x
3232;109;9;146;LAKE;x
3233;13;196;255;LAKE;x
3234;82;203;108;LAKE;x
3235;134;33;245;LAKE;x
3236;183;8;222;LAKE;x
3237;247;229;158;LAKE;x
3238;199;137;95;LAKE;x
3239;156;155;50;LAKE;x
3240;237;201;166;LAKE;x
3241;23;183;203;LAKE;x
3242;132;38;137;LAKE;x
3243;176;116;187;LAKE;x
3244;176;181;170;LAKE;x
3245;201;200;197;LAKE;x
3246;114;126;175;LAKE;x
3247;57;245;165;LAKE;x
3248;218;217;105;LAKE;x
3249;27;173;252;LAKE;x
3250;97;155;38;LAKE;x
3251;166;211;176;LAKE;x
3252;156;160;47;LAKE;x
3253;36;246;211;LAKE;x
3254;168;11;193;LAKE;x
3255;139;250;27;LAKE;x
3256;16;18;137;LAKE;x
3257;237;29;67;LAKE;x
3258;246;51;151;LAKE;x
3259;1;152;242;LAKE;x
3260;201;197;125;LAKE;x
3261;127;130;83;LAKE;x
3262;236;196;110;LAKE;x
3263;228;185;248;LAKE;x
3264;3;158;104;LAKE;x
3265;222;156;172;LAKE;x
3266;118;51;255;LAKE;x
3267;76;152;221;LAKE;x
3268;94;111;30;LAKE;x
3269;208;129;132;LAKE;x
3270;228;228;200;LAKE;x
3271;62;46;192;LAKE;x
3272;162;126;173;LAKE;x
3273;110;85;215;LAKE;x
3274;249;164;209;LAKE;x
3275;27;91;1;LAKE;x
3276;37;92;170;LAKE;x
3277;187;122;229;LAKE;x
3278;155;101;135;LAKE;x
3279;231;206;129;LAKE;x
3280;38;219;83;LAKE;x
3281;109;37;255;LAKE;x
3282;33;194;139;LAKE;x
3283;151;144;36;LAKE;x
3284;29;184;143;LAKE;x
3285;182;162;148;LAKE;x
3286;39;29;210;LAKE;x
3287;101;239;64;LAKE;x
3288;250;156;238;LAKE;x
3289;200;235;190;LAKE;x
3290;218;53;28;LAKE;x
3291;176;71;78;LAKE;x
3292;68;43;39;LAKE;x
3293;152;237;146;LAKE;x
3294;219;146;174;LAKE;x
3295;187;176;177;LAKE;x
3296;247;104;88;LAKE;x
3297;169;122;167;LAKE;x
3298;20;73;117;LAKE;x
3299;240;242;194;LAKE;x
3300;63;5;236;LAKE;x
3301;194;158;238;LAKE;x
3302;111;26;219;LAKE;x
3303;14;245;76;LAKE;x
3304;238;207;35;LAKE;x
3305;235;153;196;LAKE;x
3306;98;92;27;LAKE;x
3307;63;152;21;LAKE;x
3308;4;33;33;LAKE;x
3309;255;4;208;LAKE;x
3310;170;215;91;LAKE;x
3311;117;24;93;LAKE;x
3312;18;170;143;LAKE;x
3313;248;16;75;LAKE;x
3314;248;77;150;LAKE;x
3315;232;138;211;LAKE;x
3316;75;167;48;LAKE;x
3317;39;125;130;LAKE;x
3318;147;4;123;LAKE;x
3319;75;175;245;LAKE;x
3320;71;120;61;LAKE;x
3321;215;38;169;LAKE;x
3322;146;38;108;LAKE;x
3323;30;48;7;LAKE;x
3324;202;33;89;LAKE;x
3325;116;144;225;LAKE;x
3326;105;82;23;LAKE;x
3327;206;31;71;LAKE;x
3328;230;157;235;LAKE;x
3329;139;42;82;LAKE;x
3330;69;97;0;LAKE;x
3331;83;53;138;LAKE;x
3332;218;181;189;LAKE;x
3333;83;196;219;LAKE;x
3334;4;63;150;LAKE;x
3335;130;214;127;LAKE;x
3336;189;52;158;LAKE;x
3337;5;108;8;LAKE;x
3338;212;6;197;LAKE;x
3339;153;44;142;LAKE;x
3340;135;129;198;LAKE;x
3341;95;78;204;LAKE;x
3342;204;248;123;LAKE;x
3343;80;7;117;LAKE;x
3344;211;104;33;LAKE;x
3345;125;50;188;LAKE;x
3346;52;188;114;LAKE;x
3347;235;36;232;LAKE;x
3348;166;36;44;LAKE;x
3349;25;154;190;LAKE;x
3350;209;46;80;LAKE;x
3351;144;4;138;LAKE;x
3352;205;193;234;LAKE;x
3353;176;218;101;LAKE;x
3354;53;211;209;LAKE;x
3355;47;170;92;LAKE;x
3356;146;182;183;LAKE;x
3357;25;108;135;LAKE;x
3358;239;190;161;LAKE;x
3359;8;255;9;LAKE;x
3360;201;174;121;LAKE;x
3361;122;247;150;LAKE;x
3362;96;115;109;LAKE;x
3363;140;156;158;LAKE;x
3364;145;79;221;LAKE;x
3365;212;140;150;LAKE;x
3366;62;99;224;LAKE;x
3367;177;127;75;LAKE;x
3368;253;195;39;LAKE;x
3369;128;169;24;LAKE;x
3370;93;210;82;LAKE;x
3371;204;4;188;LAKE;x
3372;97;9;115;LAKE;x
3373;168;92;77;LAKE;x
3374;214;116;157;LAKE;x
3375;229;129;135;LAKE;x
3376;179;122;97;LAKE;x
3377;222;245;96;LAKE;x
3378;127;47;230;LAKE;x
3379;231;35;242;LAKE;x
3380;50;218;55;LAKE;x
3381;202;127;2;LAKE;x
3382;46;221;227;LAKE;x
3383;217;170;234;LAKE;x
3384;215;138;185;LAKE;x
3385;153;241;221;LAKE;x
3386;52;113;99;LAKE;x
3387;189;168;251;LAKE;x
3388;81;33;98;LAKE;x
3389;177;74;206;LAKE;x
3390;53;66;207;LAKE;x
3391;52;171;240;LAKE;x
3392;226;138;33;LAKE;x
3393;139;91;236;LAKE;x
3394;167;124;46;LAKE;x
3395;51;9;75;LAKE;x
3396;108;80;205;LAKE;x
3397;170;82;20;LAKE;x
3398;126;193;166;LAKE;x
3399;182;112;105;LAKE;x
3400;59;225;153;LAKE;x
3401;64;110;121;LAKE;x
3402;198;5;173;LAKE;x
3403;44;112;81;LAKE;x
3404;24;93;196;LAKE;x
3405;218;217;208;LAKE;x
3406;129;173;203;LAKE;x
3407;198;119;26;LAKE;x
3408;47;136;115;LAKE;x
3409;4;130;121;LAKE;x
3410;12;198;104;LAKE;x
3411;184;44;82;LAKE;x
3412;82;51;202;LAKE;x
3413;0;16;233;LAKE;x
3414;202;61;54;LAKE;x
3415;85;186;101;LAKE;x
3416;105;142;44;LAKE;x
3417;154;188;61;LAKE;x
3418;233;176;134;LAKE;x
3419;110;164;129;LAKE;x
3420;190;77;203;LAKE;x
3421;89;214;82;LAKE;x
3422;49;134;198;LAKE;x
3423;226;5;11;LAKE;x
3424;12;120;85;LAKE;x
3425;81;4;194;LAKE;x
3426;199;147;151;LAKE;x
3427;51;174;0;LAKE;x
3428;120;187;77;LAKE;x
3429;76;22;119;LAKE;x
3430;246;112;51;LAKE;x
3431;6;97;204;LAKE;x
3432;103;75;66;LAKE;x
3433;188;152;1;LAKE;x
3434;117;79;208;LAKE;x
3435;101;196;41;LAKE;x
3436;77;219;122;LAKE;x
3437;117;235;64;LAKE;x
3438;62;143;237;LAKE;x
3439;252;70;62;LAKE;x
3440;102;255;159;LAKE;x
3441;109;82;167;LAKE;x
3442;151;103;163;LAKE;x
3443;150;210;165;LAKE;x
3444;149;22;34;LAKE;x
3445;222;110;12;LAKE;x
3446;226;1;53;LAKE;x
3447;12;75;223;LAKE;x
3448;74;162;134;LAKE;x
3449;74;37;185;LAKE;x
3450;212;176;188;LAKE;x
3451;234;90;238;LAKE;x
3452;238;28;77;LAKE;x
3453;254;16;53;LAKE;x
3454;150;89;165;LAKE;x
3455;19;66;34;LAKE;x
3456;118;143;64;LAKE;x
3457;218;54;184;LAKE;x
3458;94;15;209;LAKE;x
3459;63;73;47;LAKE;x
3460;123;168;96;LAKE;x
3461;242;229;225;LAKE;x
3462;50;147;249;LAKE;x
3463;132;152;200;LAKE;x
3464;86;223;55;LAKE;x
3465;120;186;206;LAKE;x
3466;106;200;37;LAKE;x
3467;74;28;102;LAKE;x
3468;205;88;239;LAKE;x
3469;3;109;45;LAKE;x
3470;172;59;44;LAKE;x
3471;50;161;148;LAKE;x
3472;34;227;85;LAKE;x
3473;57;84;67;LAKE;x
3474;5;95;89;LAKE;x
3475;129;51;132;LAKE;x
3476;34;90;249;LAKE;x
3477;125;44;190;LAKE;x
3478;126;201;68;LAKE;x
3479;159;121;156;LAKE;x
3480;192;223;210;LAKE;x
3481;16;166;98;LAKE;x
3482;13;223;233;LAKE;x
3483;76;192;137;LAKE;x
3484;196;81;21;LAKE;x
3485;57;131;19;LAKE;x
3486;121;94;81;LAKE;x
3487;62;243;85;LAKE;x
3488;251;75;154;LAKE;x
3489;35;112;14;LAKE;x
3490;163;123;238;LAKE;x
3491;69;199;115;LAKE;x
3492;187;78;250;LAKE;x
3493;90;64;125;LAKE;x
3494;238;98;163;LAKE;x
3495;227;189;87;LAKE;x
3496;205;191;118;LAKE;x
3497;203;187;176;LAKE;x
3498;84;4;126;LAKE;x
3499;169;249;203;LAKE;x
3500;55;216;55;LAKE;x
3501;215;14;121;LAKE;x
3502;176;139;241;LAKE;x
3503;50;77;78;LAKE;x
3504;119;238;42;LAKE;x
3505;126;64;14;LAKE;x
3506;82;90;160;LAKE;x
3507;150;204;115;LAKE;x
3508;25;143;4;LAKE;x
3509;41;236;138;LAKE;x
3510;102;17;179;LAKE;x
3511;81;175;199;LAKE;x
3512;16;132;69;LAKE;x
3513;199;142;81;LAKE;x
3514;227;56;58;LAKE;x
3515;222;33;27;LAKE;x
3516;43;56;248;LAKE;x
3517;118;145;120;LAKE;x
3518;134;156;89;LAKE;x
3519;236;131;227;LAKE;x
3520;107;88;10;LAKE;x
3521;137;169;23;LAKE;x
3522;140;132;23;LAKE;x
3523;175;70;59;LAKE;x
3524;244;209;127;LAKE;x
3525;45;160;19;LAKE;x
3526;73;184;253;LAKE;x
3527;104;122;87;LAKE;x
3528;15;107;104;LAKE;x
3529;103;176;0;LAKE;x
3530;227;192;135;LAKE;x
3531;111;199;232;LAKE;x
3532;200;202;228;LAKE;x
3533;248;215;91;LAKE;x
3534;68;164;170;LAKE;x
3535;234;209;205;LAKE;x
3536;24;116;197;LAKE;x
3537;71;229;163;LAKE;x
3538;153;41;102;LAKE;x
3539;207;231;47;LAKE;x
3540;34;149;255;LAKE;x
3541;244;223;18;LAKE;x
3542;115;190;247;LAKE;x
3543;168;135;39;LAKE;x
3544;32;75;149;LAKE;x
3545;5;250;32;LAKE;x
3546;129;30;105;LAKE;x
3547;245;243;206;LAKE;x
3548;221;165;186;LAKE;x
3549;7;213;94;LAKE;x
3550;160;5;28;LAKE;x
3551;175;100;37;LAKE;x
3552;3;127;127;LAKE;x
3553;52;95;86;LAKE;x
3554;115;113;25;LAKE;x
3555;245;74;236;LAKE;x
3556;92;58;245;LAKE;x
3557;251;51;58;LAKE;x
3558;32;142;87;LAKE;x
3559;207;218;249;LAKE;x
3560;238;165;3;LAKE;x
3561;20;171;14;LAKE;x
3562;61;202;251;LAKE;x
3563;28;77;241;LAKE;x
3564;49;194;235;LAKE;x
3565;113;48;118;LAKE;x
3566;247;215;94;LAKE;x
3567;171;222;115;LAKE;x
3568;84;92;193;LAKE;x
3569;101;28;190;LAKE;x
3570;177;234;87;LAKE;x
3571;241;45;189;LAKE;x
3572;30;20;253;LAKE;x
3573;132;57;50;LAKE;x
3574;224;209;105;LAKE;x
3575;5;152;233;LAKE;x
3576;156;77;16;LAKE;x
3577;22;194;2;LAKE;x
3578;233;226;73;LAKE;x
3579;22;184;96;LAKE;x
3580;190;72;57;LAKE;x
3581;85;247;196;LAKE;x
3582;90;69;169;LAKE;x
3583;238;11;215;LAKE;x
3584;9;134;66;LAKE;x
3585;53;85;96;LAKE;x
3586;186;246;10;LAKE;x
3587;139;95;110;LAKE;x
3588;240;39;243;LAKE;x
3589;143;176;182;LAKE;x
3590;98;48;244;LAKE;x
3591;136;121;103;LAKE;x
3592;15;41;118;LAKE;x
3593;80;211;12;LAKE;x
3594;157;116;90;LAKE;x
3595;1;207;230;LAKE;x
3596;164;95;104;LAKE;x
3597;148;17;31;LAKE;x
3598;21;115;4;LAKE;x
3599;247;114;131;LAKE;x
3600;108;96;113;LAKE;x
3601;29;166;32;LAKE;x
3602;165;101;166;LAKE;x
3603;121;34;149;LAKE;x
3604;237;136;93;LAKE;x
3605;26;6;43;LAKE;x
3606;6;184;0;LAKE;x
3607;86;104;44;LAKE;x
3608;28;76;77;LAKE;x
3609;58;0;159;LAKE;x
3610;99;18;182;LAKE;x
3611;41;67;24;LAKE;x
3612;212;206;116;LAKE;x
3613;48;117;224;LAKE;x
3614;30;88;126;LAKE;x
3615;213;67;199;LAKE;x
3616;140;182;209;LAKE;x
3617;247;120;117;LAKE;x
3618;35;198;117;LAKE;x
3619;93;118;127;LAKE;x
3620;25;70;247;LAKE;x
3621;81;37;242;LAKE;x
3622;236;106;117;LAKE;x
3623;131;52;208;LAKE;x
3624;66;248;63;LAKE;x
3625;217;179;11;LAKE;x
3626;15;77;3;LAKE;x
3627;9;168;241;LAKE;x
3628;176;137;104;LAKE;x
3629;154;45;176;LAKE;x
3630;143;38;192;LAKE;x
3631;112;150;68;LAKE;x
3632;223;43;5;LAKE;x
3633;235;3;209;LAKE;x
3634;78;221;155;LAKE;x
3635;182;234;243;LAKE;x
3636;60;187;53;LAKE;x
3637;33;142;62;LAKE;x
3638;129;236;206;LAKE;x
3639;55;193;245;LAKE;x
3640;43;94;227;LAKE;x
3641;176;143;110;LAKE;x
3642;184;170;202;LAKE;x
3643;190;188;211;LAKE;x
3644;34;248;224;LAKE;x
3645;8;115;162;LAKE;x
3646;56;236;28;LAKE;x
3647;61;163;169;LAKE;x
3648;154;145;140;LAKE;x
3649;56;36;7;LAKE;x
3650;160;118;179;LAKE;x
3651;230;64;120;LAKE;x
3652;190;170;17;LAKE;x
3653;18;136;158;LAKE;x
3654;98;60;32;LAKE;x
3655;39;131;120;LAKE;x
3656;171;34;239;LAKE;x
3657;230;196;252;LAKE;x
3658;251;5;88;LAKE;x
3659;250;198;212;LAKE;x
3660;4;104;156;LAKE;x
3661;61;96;84;LAKE;x
3662;63;200;243;LAKE;x
3663;255;210;30;LAKE;x
3664;82;216;128;LAKE;x
3665;209;216;146;LAKE;x
3666;183;120;223;;x
3667;186;114;227;;x
3668;183;120;224;;x
3669;184;117;225;;x
3670;119;237;156;;x
3671;118;238;155;;x
3672;186;115;227;;x
3673;177;130;218;;x
3674;51;105;96;;x
3675;182;120;219;;x
3676;25;21;165;;x
3677;67;41;155;;x
3678;23;20;165;;x
3679;38;27;162;;x
3680;24;20;165;;x
3681;122;206;12;;x
3682;176;121;120;;x
3683;189;80;120;;x
3684;194;65;120;;x
3685;122;204;48;;x
3686;226;77;160;;x
3687;223;78;158;;x
3688;69;36;93;;x
3689;228;76;160;;x
3690;212;72;153;;x
3691;41;242;129;;x
3692;42;243;130;;x
3693;112;133;33;;x
3694;119;136;33;;x
3695;111;133;33;;x
3696;114;134;33;;x
3697;200;172;22;;x
3698;196;173;22;;x
3699;218;92;162;;x
3700;253;75;237;;x
3701;218;92;161;;x
3702;221;90;169;;x
3703;218;92;163;;x
3704;219;92;163;;x
3705;220;91;167;;x
3706;254;75;241;;x
3707;219;92;164;;x
