From;To;Type;Through;start_x;start_y;stop_x;stop_y;Comment
243;2059;river_large;1496;-1;-1;-1;-1;Grand Lift of Dectus
1276;304;sea;2888;-1;-1;-1;-1;Bridge of Sacrifice
304;387;sea;2888;-1;-1;-1;-1;Bridge of Sacrifice
2482;171;river_large;2852;-1;-1;-1;-1;Crossing in Gelmir
2247;1611;river_large;2798;-1;-1;-1;-1;South Crossing in Chapel of Anticipation
1273;3141;river_large;2798;-1;-1;-1;-1;North Crossing in Chapel of Anticipation
1037;146;river_large;1267;-1;-1;-1;-1;Grand Lift of Rold
836;258;sea;2832;-1;-1;-1;-1;Liurnia Bridge to Tower
1859;1211;river_large;2827;-1;-1;-1;-1;Bridge to Beastial Sanctum
2000;1362;sea;2589;-1;-1;-1;-1;Bridge to Epstein Island
1974;246;sea;2843;-1;-1;-1;-1;Bridge to Redmane Castle
1441;1522;sea;2589;-1;-1;-1;-1;Radahn Gate
-1;-1;;-1;-1;-1;-1;-1;