0;0;0;0;x;x;
1;102;49;175;R102G49B175;x;
2;185;52;249;R185G52B249;x;
3;220;100;33;R220G100B33;x;
4;209;145;194;R209G145B194;x;
5;100;86;80;R100G86B80;x;
6;150;83;70;R150G83B70;x;
7;211;67;28;R211G67B28;x;
8;172;186;123;wp_barony_45;x;
9;85;16;69;R85G16B69;x;
10;244;39;57;R244G39B57;x;
11;231;40;104;R231G40B104;x;
12;140;202;156;R140G202B156;x;
13;121;127;175;R121G127B175;x;
14;57;115;156;R57G115B156;x;
15;232;218;137;R232G218B137;x;
16;1;99;175;R1G99B175;x;
17;78;89;232;R78G89B232;x;
18;132;18;199;R132G18B199;x;
19;19;101;162;R19G101B162;x;
20;177;190;131;R177G190B131;x;
21;15;251;9;R15G251B9;x;
22;188;236;213;R188G236B213;x;
23;94;75;15;R94G75B15;x;
24;33;150;47;limgrave_barony_187;x;
25;177;201;249;R177G201B249;x;
26;169;191;22;R169G191B22;x;
27;44;195;74;R44G195B74;x;
28;191;123;96;limgrave_barony_132;x;
29;205;191;124;R205G191B124;x;
30;239;187;71;R239G187B71;x;
31;189;28;168;R189G28B168;x;
32;58;58;235;R58G58B235;x;
33;78;119;28;R78G119B28;x;
34;31;24;137;R31G24B137;x;
35;34;110;233;R34G110B233;x;
36;20;89;227;R20G89B227;x;
37;61;182;248;R61G182B248;x;
38;246;246;97;R246G246B97;x;
39;133;23;57;R133G23B57;x;
40;199;186;6;R199G186B6;x;
41;163;26;225;R163G26B225;x;
42;42;221;219;R42G221B219;x;
43;78;242;185;R78G242B185;x;
44;208;193;198;R208G193B198;x;
45;206;84;199;R206G84B199;x;
46;26;233;88;R26G233B88;x;
47;129;246;186;R129G246B186;x;
48;78;177;213;limgrave_barony_179;x;
49;234;135;55;R234G135B55;x;
50;108;7;63;R108G7B63;x;
51;212;160;91;R212G160B91;x;
52;228;230;13;R228G230B13;x;
53;225;199;131;R225G199B131;x;
54;63;134;196;R63G134B196;x;
55;236;129;153;R236G129B153;x;
56;53;108;237;R53G108B237;x;
57;192;166;68;R192G166B68;x;
58;21;63;15;R21G63B15;x;
59;224;152;44;R224G152B44;x;
60;231;23;38;limgrave_barony_15;x;
61;126;142;205;R126G142B205;x;
62;240;182;186;R240G182B186;x;
63;142;48;97;R142G48B97;x;
64;190;65;55;R190G65B55;x;
65;81;115;242;R81G115B242;x;
66;67;106;117;R67G106B117;x;
67;76;110;15;R76G110B15;x;
68;3;237;135;R3G237B135;x;
69;57;8;120;R57G8B120;x;
70;116;97;2;R116G97B2;x;
71;83;87;164;R83G87B164;x;
72;213;41;252;R213G41B252;x;
73;66;239;190;R66G239B190;x;
74;55;22;244;limgrave_barony_95;x;
75;74;90;16;R74G90B16;x;
76;101;220;102;R101G220B102;x;
77;134;125;111;R134G125B111;x;
78;194;130;85;R194G130B85;x;
79;202;170;162;R202G170B162;x;
80;13;160;197;R13G160B197;x;
81;74;248;154;R74G248B154;x;
82;126;35;240;R126G35B240;x;
83;183;124;54;R183G124B54;x;
84;189;105;161;R189G105B161;x;
85;239;143;237;R239G143B237;x;
86;10;24;156;R10G24B156;x;
87;96;184;42;R96G184B42;x;
88;118;28;235;R118G28B235;x;
89;122;224;154;R122G224B154;x;
90;141;141;118;R141G141B118;x;
91;115;100;30;R115G100B30;x;
92;221;135;187;R221G135B187;x;
93;175;193;168;R175G193B168;x;
94;9;238;157;R9G238B157;x;
95;97;4;7;R97G4B7;x;
96;189;179;2;limgrave_barony_99;x;
97;185;133;142;R185G133B142;x;
98;32;197;216;R32G197B216;x;
99;164;212;184;R164G212B184;x;
100;71;226;129;R71G226B129;x;
101;109;60;33;R109G60B33;x;
102;250;149;100;R250G149B100;x;
103;84;239;26;R84G239B26;x;
104;74;122;83;R74G122B83;x;
105;173;103;136;R173G103B136;x;
106;160;38;150;R160G38B150;x;
107;211;12;13;R211G12B13;x;
108;0;210;31;R0G210B31;x;
109;110;42;9;R110G42B9;x;
110;135;27;209;limgrave_barony_184;x;
111;48;68;143;R48G68B143;x;
112;242;62;208;R242G62B208;x;
113;5;114;184;R5G114B184;x;
114;243;60;42;R243G60B42;x;
115;59;97;133;R59G97B133;x;
116;193;97;22;R193G97B22;x;
117;73;253;149;R73G253B149;x;
118;238;99;192;R238G99B192;x;
119;77;31;64;R77G31B64;x;
120;101;19;123;R101G19B123;x;
121;197;29;51;R197G29B51;x;
122;0;67;178;R0G67B178;x;
123;93;160;45;R93G160B45;x;
124;84;24;33;R84G24B33;x;
125;46;140;72;R46G140B72;x;
126;235;175;143;R235G175B143;x;
127;109;184;8;R109G184B8;x;
128;220;66;107;R220G66B107;x;
129;104;201;201;R104G201B201;x;
130;95;141;103;wp_barony_66;x;
131;75;24;44;R75G24B44;x;
132;49;86;168;R49G86B168;x;
133;199;25;19;R199G25B19;x;
134;93;215;223;R93G215B223;x;
135;42;122;109;R42G122B109;x;
136;90;39;13;wp_barony_6;x;
137;59;92;17;R59G92B17;x;
138;114;102;9;R114G102B9;x;
139;225;96;250;R225G96B250;x;
140;246;16;138;R246G16B138;x;
141;53;105;51;R53G105B51;x;
142;221;63;235;R221G63B235;x;
143;106;104;0;R106G104B0;x;
144;153;212;11;R153G212B11;x;
145;86;108;65;R86G108B65;x;
146;146;36;202;R146G36B202;x;
147;86;66;251;wp_barony_43;x;
148;222;149;223;R222G149B223;x;
149;216;55;64;R216G55B64;x;
150;223;79;178;R223G79B178;x;
151;16;232;173;R16G232B173;x;
152;57;203;18;R57G203B18;x;
153;240;111;69;R240G111B69;x;
154;55;165;225;R55G165B225;x;
155;174;121;211;R174G121B211;x;
156;174;93;200;limgrave_barony_75;x;
157;123;45;219;R123G45B219;x;
158;116;104;252;R116G104B252;x;
159;160;128;54;limgrave_barony_133;x;
160;243;9;88;R243G9B88;x;
161;246;208;119;R246G208B119;x;
162;89;89;255;R89G89B255;x;
163;83;160;174;R83G160B174;x;
164;18;108;0;R18G108B0;x;
165;189;108;128;R189G108B128;x;
166;20;246;123;R20G246B123;x;
167;21;235;17;R21G235B17;x;
168;246;207;3;R246G207B3;x;
169;190;9;234;R190G9B234;x;
170;120;70;240;wp_barony_20;x;
171;171;87;96;R171G87B96;x;
172;179;57;91;limgrave_barony_115;x;
173;206;119;122;R206G119B122;x;
174;142;24;120;R142G24B120;x;
175;206;240;16;R206G240B16;x;
176;15;126;11;R15G126B11;x;
177;201;47;83;R201G47B83;x;
178;21;119;78;R21G119B78;x;
179;14;146;127;R14G146B127;x;
180;182;182;240;R182G182B240;x;
181;65;228;123;limgrave_barony_3;x;
182;241;232;101;R241G232B101;x;
183;248;201;248;R248G201B248;x;
184;96;173;164;R96G173B164;x;
185;66;101;96;R66G101B96;x;
186;181;176;231;R181G176B231;x;
187;249;92;189;R249G92B189;x;
188;248;114;33;R248G114B33;x;
189;157;98;124;R157G98B124;x;
190;144;19;255;R144G19B255;x;
191;29;135;215;R29G135B215;x;
192;118;65;50;R118G65B50;x;
193;194;227;12;R194G227B12;x;
194;241;148;79;R241G148B79;x;
195;27;204;30;R27G204B30;x;
196;73;5;173;R73G5B173;x;
197;188;242;188;R188G242B188;x;
198;35;109;123;R35G109B123;x;
199;98;251;88;R98G251B88;x;
200;36;242;133;limgrave_barony_102;x;
201;162;61;160;R162G61B160;x;
202;147;106;10;R147G106B10;x;
203;110;206;43;R110G206B43;x;
204;43;169;74;R43G169B74;x;
205;127;40;153;wp_barony_15;x;
206;221;154;131;R221G154B131;x;
207;1;230;4;R1G230B4;x;
208;190;237;157;R190G237B157;x;
209;100;222;116;R100G222B116;x;
210;21;38;200;R21G38B200;x;
211;159;34;126;limgrave_barony_97;x;
212;234;252;1;limgrave_barony_168;x;
213;187;192;236;R187G192B236;x;
214;21;151;246;limgrave_barony_151;x;
215;0;29;231;R0G29B231;x;
216;131;57;168;R131G57B168;x;
217;127;23;148;R127G23B148;x;
218;25;190;196;R25G190B196;x;
219;123;43;177;R123G43B177;x;
220;208;235;22;R208G235B22;x;
221;54;197;2;R54G197B2;x;
222;255;192;43;R255G192B43;x;
223;142;191;197;R142G191B197;x;
224;49;197;34;R49G197B34;x;
225;194;178;255;R194G178B255;x;
226;161;73;115;R161G73B115;x;
227;34;108;15;wp_barony_65;x;
228;67;140;55;limgrave_barony_180;x;
229;213;229;98;R213G229B98;x;
230;95;117;50;R95G117B50;x;
231;180;202;169;R180G202B169;x;
232;36;47;56;R36G47B56;x;
233;248;77;213;R248G77B213;x;
234;230;138;69;R230G138B69;x;
235;72;35;228;divinetower_limgrave_1;x;
236;142;40;204;R142G40B204;x;
237;119;44;199;R119G44B199;x;
238;89;197;159;R89G197B159;x;
239;43;98;183;R43G98B183;x;
240;140;183;226;R140G183B226;x;
241;91;228;154;R91G228B154;x;
242;82;52;197;R82G52B197;x;
243;195;118;26;R195G118B26;x;
244;139;250;79;R139G250B79;x;
245;72;18;2;R72G18B2;x;
246;163;173;104;R163G173B104;x;
247;63;139;74;R63G139B74;x;
248;164;11;250;R164G11B250;x;
249;90;66;7;R90G66B7;x;
250;243;77;127;R243G77B127;x;
251;43;96;181;R43G96B181;x;
252;241;204;96;R241G204B96;x;
253;249;153;31;R249G153B31;x;
254;122;240;210;R122G240B210;x;
255;84;86;114;R84G86B114;x;
256;194;115;182;R194G115B182;x;
257;149;32;85;R149G32B85;x;
258;55;219;95;divinetower_liurnia_1;x;
259;183;151;9;limgrave_barony_189;x;
260;214;225;84;R214G225B84;x;
261;215;184;246;R215G184B246;x;
262;192;246;252;R192G246B252;x;
263;170;67;112;R170G67B112;x;
264;190;44;167;R190G44B167;x;
265;178;39;196;R178G39B196;x;
266;190;172;102;R190G172B102;x;
267;177;228;84;R177G228B84;x;
268;55;200;203;R55G200B203;x;
269;39;130;89;R39G130B89;x;
270;143;116;230;R143G116B230;x;
271;32;67;25;R32G67B25;x;
272;249;224;167;R249G224B167;x;
273;27;131;8;R27G131B8;x;
274;82;186;39;R82G186B39;x;
275;113;196;151;R113G196B151;x;
276;32;195;151;R32G195B151;x;
277;196;99;162;R196G99B162;x;
278;243;243;239;limgrave_barony_104;x;
279;80;193;142;R80G193B142;x;
280;179;84;31;R179G84B31;x;
281;211;19;5;R211G19B5;x;
282;169;185;125;limgrave_barony_130;x;
283;101;72;227;R101G72B227;x;
284;89;105;214;R89G105B214;x;
285;144;87;173;R144G87B173;x;
286;2;23;1;R2G23B1;x;
287;240;88;175;limgrave_barony_125;x;
288;167;199;91;R167G199B91;x;
289;20;250;225;R20G250B225;x;
290;12;208;181;R12G208B181;x;
291;109;69;76;R109G69B76;x;
292;87;61;27;R87G61B27;x;
293;118;148;224;R118G148B224;x;
294;176;70;173;R176G70B173;x;
295;120;231;115;R120G231B115;x;
296;136;51;237;R136G51B237;x;
297;5;92;247;wp_barony_56;x;
298;138;58;83;wp_barony_70;x;
299;18;215;141;R18G215B141;x;
300;149;168;50;R149G168B50;x;
301;203;49;219;wp_barony_54;x;
302;100;234;116;R100G234B116;x;
303;123;103;200;R123G103B200;x;
304;91;74;221;R91G74B221;x;
305;42;134;146;R42G134B146;x;
306;8;203;19;R8G203B19;x;
307;46;173;38;limgrave_barony_40;x;
308;45;129;231;R45G129B231;x;
309;2;10;201;R2G10B201;x;
310;112;168;70;R112G168B70;x;
311;23;251;194;R23G251B194;x;
312;158;220;47;R158G220B47;x;
313;15;35;100;R15G35B100;x;
314;99;42;81;R99G42B81;x;
315;220;17;252;R220G17B252;x;
316;195;67;228;R195G67B228;x;
317;57;218;252;R57G218B252;x;
318;53;209;191;R53G209B191;x;
319;6;46;1;R6G46B1;x;
320;178;238;92;R178G238B92;x;
321;168;182;76;R168G182B76;x;
322;123;64;218;R123G64B218;x;
323;180;212;70;R180G212B70;x;
324;197;66;227;R197G66B227;x;
325;123;11;77;R123G11B77;x;
326;6;96;113;R6G96B113;x;
327;240;2;1;R240G2B1;x;
328;249;17;217;R249G17B217;x;
329;109;137;126;R109G137B126;x;
330;68;71;7;R68G71B7;x;
331;119;131;95;R119G131B95;x;
332;15;130;155;R15G130B155;x;
333;162;36;23;R162G36B23;x;
334;4;34;106;R4G34B106;x;
335;205;126;96;R205G126B96;x;
336;245;3;54;R245G3B54;x;
337;18;201;182;R18G201B182;x;
338;225;1;95;R225G1B95;x;
339;80;181;41;R80G181B41;x;
340;185;136;139;R185G136B139;x;
341;246;110;240;R246G110B240;x;
342;236;49;218;R236G49B218;x;
343;77;40;235;R77G40B235;x;
344;144;14;157;R144G14B157;x;
345;165;253;159;R165G253B159;x;
346;176;75;247;R176G75B247;x;
347;121;26;195;R121G26B195;x;
348;140;225;63;R140G225B63;x;
349;62;228;43;R62G228B43;x;
350;28;122;36;R28G122B36;x;
351;211;35;87;R211G35B87;x;
352;21;178;192;R21G178B192;x;
353;65;95;139;R65G95B139;x;
354;242;235;148;R242G235B148;x;
355;35;89;0;R35G89B0;x;
356;32;220;53;R32G220B53;x;
357;15;7;2;R15G7B2;x;
358;156;154;34;R156G154B34;x;
359;170;40;45;R170G40B45;x;
360;121;228;117;R121G228B117;x;
361;153;248;148;R153G248B148;x;
362;209;77;202;limgrave_barony_58;x;
363;92;172;185;R92G172B185;x;
364;175;72;85;R175G72B85;x;
365;146;229;142;R146G229B142;x;
366;186;211;35;R186G211B35;x;
367;134;152;86;R134G152B86;x;
368;215;227;154;R215G227B154;x;
369;220;42;81;R220G42B81;x;
370;182;231;155;limgrave_barony_33;x;
371;163;23;157;R163G23B157;x;
372;11;246;67;R11G246B67;x;
373;112;109;212;R112G109B212;x;
374;156;21;17;R156G21B17;x;
375;62;184;117;R62G184B117;x;
376;62;152;56;limgrave_barony_52;x;
377;188;19;227;R188G19B227;x;
378;115;223;228;R115G223B228;x;
379;114;116;178;R114G116B178;x;
380;69;9;76;R69G9B76;x;
381;143;20;135;R143G20B135;x;
382;27;251;179;limgrave_barony_83;x;
383;24;148;94;R24G148B94;x;
384;153;234;212;R153G234B212;x;
385;0;93;113;R0G93B113;x;
386;41;73;43;R41G73B43;x;
387;60;188;21;wp_barony_9;x;
388;109;244;199;R109G244B199;x;
389;91;60;5;R91G60B5;x;
390;190;145;140;R190G145B140;x;
391;223;44;147;R223G44B147;x;
392;171;245;95;R171G245B95;x;
393;0;149;206;R0G149B206;x;
394;29;179;74;R29G179B74;x;
395;215;69;48;R215G69B48;x;
396;15;113;189;R15G113B189;x;
397;218;82;20;R218G82B20;x;
398;23;33;128;R23G33B128;x;
399;35;150;9;R35G150B9;x;
400;253;165;92;R253G165B92;x;
401;104;149;4;R104G149B4;x;
402;42;227;181;R42G227B181;x;
403;152;100;232;R152G100B232;x;
404;199;137;48;R199G137B48;x;
405;138;155;199;R138G155B199;x;
406;107;45;204;R107G45B204;x;
407;234;72;154;R234G72B154;x;
408;48;79;174;R48G79B174;x;
409;91;58;226;R91G58B226;x;
410;108;181;184;R108G181B184;x;
411;88;0;47;R88G0B47;x;
412;175;86;76;R175G86B76;x;
413;189;157;119;limgrave_barony_87;x;
414;224;144;116;R224G144B116;x;
415;66;250;79;R66G250B79;x;
416;217;20;230;R217G20B230;x;
417;119;143;218;R119G143B218;x;
418;84;8;73;R84G8B73;x;
419;63;75;184;R63G75B184;x;
420;215;72;3;R215G72B3;x;
421;76;53;174;R76G53B174;x;
422;74;3;238;R74G3B238;x;
423;219;143;127;R219G143B127;x;
424;121;0;242;R121G0B242;x;
425;220;136;137;R220G136B137;x;
426;239;168;102;wp_barony_28;x;
427;63;253;77;R63G253B77;x;
428;250;183;123;R250G183B123;x;
429;128;224;74;R128G224B74;x;
430;208;1;234;R208G1B234;x;
431;17;39;137;R17G39B137;x;
432;35;110;6;R35G110B6;x;
433;63;171;145;wp_barony_27;x;
434;244;128;5;limgrave_barony_148;x;
435;245;145;234;R245G145B234;x;
436;142;158;115;R142G158B115;x;
437;239;18;205;R239G18B205;x;
438;219;91;85;R219G91B85;x;
439;169;220;224;R169G220B224;x;
440;247;5;45;R247G5B45;x;
441;201;14;67;R201G14B67;x;
442;55;111;178;R55G111B178;x;
443;152;131;65;R152G131B65;x;
444;33;64;144;R33G64B144;x;
445;153;72;223;R153G72B223;x;
446;198;17;74;lilland_2;x;
447;81;111;65;R81G111B65;x;
448;3;247;45;R3G247B45;x;
449;178;65;44;R178G65B44;x;
450;14;91;106;R14G91B106;x;
451;0;2;44;R0G2B44;x;
452;64;113;182;R64G113B182;x;
453;16;144;140;R16G144B140;x;
454;113;218;175;R113G218B175;x;
455;31;1;0;R31G1B0;x;
456;185;177;211;R185G177B211;x;
457;81;193;25;R81G193B25;x;
458;102;146;2;wp_barony_31;x;
459;94;6;81;R94G6B81;x;
460;191;176;236;R191G176B236;x;
461;169;16;213;R169G16B213;x;
462;154;15;75;R154G15B75;x;
463;11;129;177;R11G129B177;x;
464;191;198;7;R191G198B7;x;
465;240;190;173;wp_barony_57;x;
466;13;57;162;R13G57B162;x;
467;4;3;89;R4G3B89;x;
468;203;219;10;limgrave_barony_162;x;
469;206;239;96;R206G239B96;x;
470;240;110;149;R240G110B149;x;
471;196;37;70;R196G37B70;x;
472;45;228;155;R45G228B155;x;
473;85;144;92;R85G144B92;x;
474;199;228;143;R199G228B143;x;
475;46;220;58;R46G220B58;x;
476;158;195;1;R158G195B1;x;
477;188;71;21;R188G71B21;x;
478;171;19;224;R171G19B224;x;
479;176;169;200;R176G169B200;x;
480;202;50;38;R202G50B38;x;
481;199;246;148;R199G246B148;x;
482;148;37;245;R148G37B245;x;
483;53;4;190;R53G4B190;x;
484;164;11;125;limgrave_barony_128;x;
485;116;66;100;limgrave_barony_67;x;
486;12;153;211;R12G153B211;x;
487;247;54;159;R247G54B159;x;
488;253;213;227;R253G213B227;x;
489;135;169;170;R135G169B170;x;
490;18;160;250;R18G160B250;x;
491;33;10;20;R33G10B20;x;
492;28;82;59;R28G82B59;x;
493;166;37;244;R166G37B244;x;
494;58;40;164;R58G40B164;x;
495;120;4;39;wp_barony_3;x;
496;145;241;111;R145G241B111;x;
497;60;97;249;limgrave_barony_114;x;
498;249;7;182;limgrave_barony_57;x;
499;125;70;82;R125G70B82;x;
500;255;173;76;R255G173B76;x;
501;170;83;182;R170G83B182;x;
502;147;107;146;limgrave_barony_65;x;
503;183;56;101;limgrave_barony_25;x;
504;168;249;96;R168G249B96;x;
505;75;230;13;R75G230B13;x;
506;41;177;65;R41G177B65;x;
507;237;161;172;R237G161B172;x;
508;78;21;150;R78G21B150;x;
509;70;212;241;R70G212B241;x;
510;243;214;231;R243G214B231;x;
511;31;34;177;R31G34B177;x;
512;153;252;62;R153G252B62;x;
513;193;170;4;R193G170B4;x;
514;109;90;120;R109G90B120;x;
515;44;246;255;R44G246B255;x;
516;155;27;242;R155G27B242;x;
517;16;236;138;R16G236B138;x;
518;91;243;217;R91G243B217;x;
519;119;241;128;R119G241B128;x;
520;162;85;107;R162G85B107;x;
521;6;156;177;R6G156B177;x;
522;225;131;109;R225G131B109;x;
523;111;174;73;R111G174B73;x;
524;210;131;29;R210G131B29;x;
525;98;76;96;R98G76B96;x;
526;118;116;119;R118G116B119;x;
527;190;65;24;R190G65B24;x;
528;175;115;126;R175G115B126;x;
529;78;198;11;R78G198B11;x;
530;109;64;55;R109G64B55;x;
531;233;48;17;R233G48B17;x;
532;113;231;1;limgrave_barony_37;x;
533;123;17;222;R123G17B222;x;
534;232;197;36;R232G197B36;x;
535;16;228;151;wp_barony_44;x;
536;76;54;236;R76G54B236;x;
537;144;235;220;R144G235B220;x;
538;142;69;3;R142G69B3;x;
539;138;243;144;R138G243B144;x;
540;105;179;172;R105G179B172;x;
541;134;45;170;R134G45B170;x;
542;246;254;94;R246G254B94;x;
543;182;250;127;R182G250B127;x;
544;109;124;220;R109G124B220;x;
545;254;5;15;R254G5B15;x;
546;162;64;120;R162G64B120;x;
547;89;242;53;R89G242B53;x;
548;209;71;74;R209G71B74;x;
549;60;233;118;R60G233B118;x;
550;204;218;151;R204G218B151;x;
551;166;203;173;R166G203B173;x;
552;51;73;225;R51G73B225;x;
553;174;192;180;R174G192B180;x;
554;78;61;59;R78G61B59;x;
555;193;130;105;R193G130B105;x;
556;187;192;96;R187G192B96;x;
557;173;151;35;R173G151B35;x;
558;89;77;219;R89G77B219;x;
559;167;60;108;R167G60B108;x;
560;137;121;85;R137G121B85;x;
561;88;203;45;R88G203B45;x;
562;238;13;177;R238G13B177;x;
563;91;201;90;R91G201B90;x;
564;182;83;89;R182G83B89;x;
565;114;3;234;R114G3B234;x;
566;39;127;110;R39G127B110;x;
567;222;23;240;wp_barony_51;x;
568;77;160;237;R77G160B237;x;
569;254;120;87;R254G120B87;x;
570;16;8;86;R16G8B86;x;
571;192;131;124;R192G131B124;x;
572;123;176;179;R123G176B179;x;
573;151;232;39;limgrave_barony_49;x;
574;177;61;31;wp_barony_16;x;
575;70;32;184;R70G32B184;x;
576;92;229;27;R92G229B27;x;
577;11;103;63;R11G103B63;x;
578;234;106;224;R234G106B224;x;
579;165;240;213;R165G240B213;x;
580;14;12;84;R14G12B84;x;
581;25;252;82;R25G252B82;x;
582;20;170;8;R20G170B8;x;
583;16;116;149;R16G116B149;x;
584;246;245;22;R246G245B22;x;
585;37;255;185;R37G255B185;x;
586;236;232;42;R236G232B42;x;
587;109;211;80;R109G211B80;x;
588;121;186;57;R121G186B57;x;
589;190;86;79;R190G86B79;x;
590;156;223;158;R156G223B158;x;
591;16;174;94;R16G174B94;x;
592;183;245;229;R183G245B229;x;
593;197;253;163;R197G253B163;x;
594;183;139;225;R183G139B225;x;
595;79;91;68;R79G91B68;x;
596;54;36;206;R54G36B206;x;
597;221;122;89;limgrave_barony_136;x;
598;37;97;190;R37G97B190;x;
599;80;117;69;R80G117B69;x;
600;223;152;147;R223G152B147;x;
601;126;225;95;R126G225B95;x;
602;179;104;36;R179G104B36;x;
603;20;114;136;R20G114B136;x;
604;100;218;82;divinetower_caelid_2;x;
605;184;27;128;R184G27B128;x;
606;171;30;252;R171G30B252;x;
607;149;31;229;R149G31B229;x;
608;31;131;45;R31G131B45;x;
609;136;146;175;R136G146B175;x;
610;145;170;181;R145G170B181;x;
611;201;122;65;R201G122B65;x;
612;35;9;203;R35G9B203;x;
613;73;48;114;R73G48B114;x;
614;133;39;215;R133G39B215;x;
615;219;134;14;limgrave_barony_63;x;
616;75;153;123;R75G153B123;x;
617;162;28;217;R162G28B217;x;
618;156;8;163;wp_barony_67;x;
619;38;27;38;limgrave_barony_106;x;
620;168;66;100;limgrave_barony_129;x;
621;28;177;214;limgrave_barony_155;x;
622;31;123;19;R31G123B19;x;
623;241;255;249;R241G255B249;x;
624;124;0;88;R124G0B88;x;
625;238;142;54;R238G142B54;x;
626;107;150;51;R107G150B51;x;
627;8;53;59;R8G53B59;x;
628;148;171;81;R148G171B81;x;
629;46;202;144;limgrave_barony_167;x;
630;232;163;109;R232G163B109;x;
631;179;91;146;R179G91B146;x;
632;128;44;103;R128G44B103;x;
633;2;195;172;R2G195B172;x;
634;0;15;144;R0G15B144;x;
635;23;77;209;R23G77B209;x;
636;121;56;62;R121G56B62;x;
637;168;29;52;R168G29B52;x;
638;119;137;126;R119G137B126;x;
639;66;59;237;R66G59B237;x;
640;250;181;141;R250G181B141;x;
641;48;4;245;R48G4B245;x;
642;97;1;254;wp_barony_33;x;
643;79;181;219;R79G181B219;x;
644;245;58;170;R245G58B170;x;
645;136;129;95;R136G129B95;x;
646;66;52;68;R66G52B68;x;
647;95;150;210;R95G150B210;x;
648;76;237;51;R76G237B51;x;
649;133;90;64;R133G90B64;x;
650;251;38;247;R251G38B247;x;
651;164;110;51;R164G110B51;x;
652;158;221;92;R158G221B92;x;
653;188;138;27;limgrave_barony_156;x;
654;222;79;136;R222G79B136;x;
655;175;246;86;R175G246B86;x;
656;40;85;27;R40G85B27;x;
657;135;240;24;R135G240B24;x;
658;158;144;192;R158G144B192;x;
659;191;150;246;R191G150B246;x;
660;18;45;69;R18G45B69;x;
661;12;22;168;R12G22B168;x;
662;41;240;41;R41G240B41;x;
663;39;20;147;R39G20B147;x;
664;247;235;251;R247G235B251;x;
665;246;99;97;R246G99B97;x;
666;130;111;57;R130G111B57;x;
667;217;25;73;R217G25B73;x;
668;37;179;86;R37G179B86;x;
669;122;85;233;R122G85B233;x;
670;140;140;136;R140G140B136;x;
671;234;115;183;R234G115B183;x;
672;96;112;252;limgrave_barony_101;x;
673;103;117;21;R103G117B21;x;
674;78;218;7;R78G218B7;x;
675;65;151;211;R65G151B211;x;
676;8;245;205;R8G245B205;x;
677;78;155;105;R78G155B105;x;
678;205;229;151;R205G229B151;x;
679;73;101;69;R73G101B69;x;
680;253;234;251;R253G234B251;x;
681;82;21;36;R82G21B36;x;
682;202;76;167;limgrave_barony_22;x;
683;219;68;24;R219G68B24;x;
684;242;188;139;R242G188B139;x;
685;111;96;28;R111G96B28;x;
686;107;84;246;limgrave_barony_1;x;
687;56;35;199;R56G35B199;x;
688;234;200;31;R234G200B31;x;
689;51;28;67;R51G28B67;x;
690;29;102;47;R29G102B47;x;
691;4;2;202;limgrave_barony_44;x;
692;203;9;214;R203G9B214;x;
693;28;224;181;R28G224B181;x;
694;122;73;163;R122G73B163;x;
695;225;254;188;R225G254B188;x;
696;209;56;17;R209G56B17;x;
697;173;109;238;R173G109B238;x;
698;186;15;225;R186G15B225;x;
699;244;193;104;R244G193B104;x;
700;68;108;21;R68G108B21;x;
701;135;8;132;wp_barony_25;x;
702;194;133;35;R194G133B35;x;
703;198;171;225;R198G171B225;x;
704;40;142;39;R40G142B39;x;
705;234;74;174;R234G74B174;x;
706;22;232;225;R22G232B225;x;
707;11;191;102;R11G191B102;x;
708;180;223;135;R180G223B135;x;
709;77;62;115;R77G62B115;x;
710;177;80;87;R177G80B87;x;
711;164;220;189;R164G220B189;x;
712;136;175;139;R136G175B139;x;
713;14;82;155;R14G82B155;x;
714;121;137;177;wp_barony_42;x;
715;179;95;223;R179G95B223;x;
716;217;119;214;R217G119B214;x;
717;111;58;102;R111G58B102;x;
718;51;237;6;R51G237B6;x;
719;156;232;217;R156G232B217;x;
720;133;179;121;R133G179B121;x;
721;50;21;53;R50G21B53;x;
722;107;12;128;R107G12B128;x;
723;24;66;23;R24G66B23;x;
724;1;209;138;R1G209B138;x;
725;177;70;230;R177G70B230;x;
726;57;149;213;R57G149B213;x;
727;139;81;164;R139G81B164;x;
728;216;245;160;R216G245B160;x;
729;93;59;124;R93G59B124;x;
730;220;131;86;R220G131B86;x;
731;123;56;133;R123G56B133;x;
732;208;49;63;R208G49B63;x;
733;196;96;22;R196G96B22;x;
734;34;182;25;R34G182B25;x;
735;104;140;219;R104G140B219;x;
736;171;59;133;R171G59B133;x;
737;32;199;197;R32G199B197;x;
738;59;24;200;divinetower_liurnia_3;x;
739;131;54;56;R131G54B56;x;
740;41;237;34;R41G237B34;x;
741;114;148;204;R114G148B204;x;
742;65;142;13;R65G142B13;x;
743;124;44;205;limgrave_barony_76;x;
744;220;187;187;wp_barony_13;x;
745;139;78;142;R139G78B142;x;
746;204;224;85;R204G224B85;x;
747;22;233;4;R22G233B4;x;
748;220;78;228;R220G78B228;x;
749;197;82;234;R197G82B234;x;
750;54;183;236;R54G183B236;x;
751;86;120;190;R86G120B190;x;
752;144;88;24;R144G88B24;x;
753;55;7;41;R55G7B41;x;
754;245;74;54;limgrave_barony_41;x;
755;152;58;182;R152G58B182;x;
756;20;59;16;R20G59B16;x;
757;97;209;136;R97G209B136;x;
758;43;134;151;R43G134B151;x;
759;51;185;131;R51G185B131;x;
760;50;244;67;R50G244B67;x;
761;242;70;23;R242G70B23;x;
762;54;235;178;R54G235B178;x;
763;242;209;198;R242G209B198;x;
764;208;100;59;R208G100B59;x;
765;204;249;205;R204G249B205;x;
766;166;254;113;R166G254B113;x;
767;20;154;115;limgrave_barony_163;x;
768;57;152;92;R57G152B92;x;
769;212;85;245;R212G85B245;x;
770;176;152;80;R176G152B80;x;
771;102;183;71;R102G183B71;x;
772;217;216;191;limgrave_barony_8;x;
773;187;82;41;R187G82B41;x;
774;232;227;185;R232G227B185;x;
775;124;248;167;R124G248B167;x;
776;218;39;115;R218G39B115;x;
777;26;92;227;R26G92B227;x;
778;103;168;206;R103G168B206;x;
779;228;13;239;R228G13B239;x;
780;95;181;155;R95G181B155;x;
781;152;90;86;R152G90B86;x;
782;68;192;70;R68G192B70;x;
783;41;65;12;R41G65B12;x;
784;31;21;242;R31G21B242;x;
785;161;146;148;R161G146B148;x;
786;13;204;239;limgrave_barony_170;x;
787;0;225;40;R0G225B40;x;
788;140;76;146;R140G76B146;x;
789;65;224;48;R65G224B48;x;
790;84;147;182;R84G147B182;x;
791;210;124;209;R210G124B209;x;
792;75;51;118;R75G51B118;x;
793;62;110;4;limgrave_barony_123;x;
794;141;193;101;R141G193B101;x;
795;162;90;31;R162G90B31;x;
796;44;44;247;R44G44B247;x;
797;212;27;192;R212G27B192;x;
798;80;86;242;R80G86B242;x;
799;191;219;44;R191G219B44;x;
800;164;71;166;R164G71B166;x;
801;59;67;141;R59G67B141;x;
802;189;234;184;R189G234B184;x;
803;48;149;134;limgrave_barony_137;x;
804;250;83;60;R250G83B60;x;
805;69;75;219;limgrave_barony_119;x;
806;245;68;57;R245G68B57;x;
807;9;200;151;R9G200B151;x;
808;82;254;19;R82G254B19;x;
809;135;194;79;R135G194B79;x;
810;135;196;96;R135G196B96;x;
811;236;215;141;R236G215B141;x;
812;212;220;44;R212G220B44;x;
813;235;79;149;R235G79B149;x;
814;208;176;80;limgrave_barony_143;x;
815;191;18;23;wp_barony_63;x;
816;206;251;176;R206G251B176;x;
817;172;250;90;R172G250B90;x;
818;33;0;22;limgrave_barony_36;x;
819;59;216;222;R59G216B222;x;
820;145;198;241;R145G198B241;x;
821;109;162;249;R109G162B249;x;
822;29;35;143;R29G35B143;x;
823;60;222;148;R60G222B148;x;
824;10;214;151;R10G214B151;x;
825;189;196;217;R189G196B217;x;
826;226;43;35;R226G43B35;x;
827;233;137;81;R233G137B81;x;
828;214;63;109;R214G63B109;x;
829;176;194;5;R176G194B5;x;
830;247;174;91;R247G174B91;x;
831;70;19;43;R70G19B43;x;
832;19;243;159;R19G243B159;x;
833;179;129;35;R179G129B35;x;
834;173;214;177;R173G214B177;x;
835;144;174;113;R144G174B113;x;
836;236;245;147;R236G245B147;x;
837;164;83;3;R164G83B3;x;
838;227;159;218;R227G159B218;x;
839;5;164;145;R5G164B145;x;
840;85;179;40;R85G179B40;x;
841;73;117;33;R73G117B33;x;
842;61;182;149;R61G182B149;x;
843;84;246;108;R84G246B108;x;
844;31;107;154;R31G107B154;x;
845;91;208;205;R91G208B205;x;
846;64;163;174;R64G163B174;x;
847;74;171;154;R74G171B154;x;
848;161;118;240;R161G118B240;x;
849;252;62;110;R252G62B110;x;
850;35;94;247;wp_barony_58;x;
851;109;31;102;R109G31B102;x;
852;179;211;179;R179G211B179;x;
853;249;70;226;R249G70B226;x;
854;56;101;6;R56G101B6;x;
855;103;60;76;R103G60B76;x;
856;205;249;138;R205G249B138;x;
857;186;208;0;R186G208B0;x;
858;175;97;1;R175G97B1;x;
859;21;217;106;R21G217B106;x;
860;204;203;110;R204G203B110;x;
861;125;85;166;limgrave_barony_107;x;
862;169;38;131;R169G38B131;x;
863;254;10;22;wp_barony_62;x;
864;178;80;102;R178G80B102;x;
865;151;222;51;R151G222B51;x;
866;70;52;158;R70G52B158;x;
867;92;222;73;R92G222B73;x;
868;163;22;193;R163G22B193;x;
869;177;178;42;R177G178B42;x;
870;175;103;221;R175G103B221;x;
871;28;162;131;limgrave_barony_152;x;
872;64;129;139;R64G129B139;x;
873;106;196;63;limgrave_barony_158;x;
874;119;157;29;R119G157B29;x;
875;88;28;118;wp_barony_5;x;
876;188;228;125;R188G228B125;x;
877;147;222;119;R147G222B119;x;
878;155;204;36;R155G204B36;x;
879;96;5;155;R96G5B155;x;
880;128;228;6;R128G228B6;x;
881;91;22;53;R91G22B53;x;
882;190;226;170;R190G226B170;x;
883;129;218;92;R129G218B92;x;
884;33;225;83;R33G225B83;x;
885;100;58;170;R100G58B170;x;
886;81;35;24;R81G35B24;x;
887;49;198;117;R49G198B117;x;
888;195;98;118;R195G98B118;x;
889;165;135;206;R165G135B206;x;
890;212;49;35;R212G49B35;x;
891;57;248;30;R57G248B30;x;
892;167;13;24;R167G13B24;x;
893;108;59;222;R108G59B222;x;
894;143;33;46;R143G33B46;x;
895;62;166;21;R62G166B21;x;
896;203;91;174;R203G91B174;x;
897;95;252;138;R95G252B138;x;
898;42;54;17;limgrave_barony_113;x;
899;160;111;169;R160G111B169;x;
900;27;69;103;R27G69B103;x;
901;20;185;115;R20G185B115;x;
902;76;254;92;R76G254B92;x;
903;67;142;129;R67G142B129;x;
904;36;224;242;R36G224B242;x;
905;125;185;115;R125G185B115;x;
906;242;160;125;R242G160B125;x;
907;4;74;199;R4G74B199;x;
908;101;156;49;R101G156B49;x;
909;254;109;172;R254G109B172;x;
910;134;81;143;R134G81B143;x;
911;180;127;176;R180G127B176;x;
912;109;201;198;R109G201B198;x;
913;146;183;41;R146G183B41;x;
914;79;176;135;R79G176B135;x;
915;132;176;241;R132G176B241;x;
916;230;122;191;R230G122B191;x;
917;141;15;57;limgrave_barony_56;x;
918;238;135;19;R238G135B19;x;
919;158;191;53;R158G191B53;x;
920;52;165;64;R52G165B64;x;
921;72;71;80;limgrave_barony_161;x;
922;250;251;73;R250G251B73;x;
923;148;34;69;R148G34B69;x;
924;164;94;227;R164G94B227;x;
925;70;41;247;R70G41B247;x;
926;100;81;114;R100G81B114;x;
927;224;195;229;R224G195B229;x;
928;217;227;24;R217G227B24;x;
929;134;38;235;R134G38B235;x;
930;113;152;113;R113G152B113;x;
931;42;165;47;R42G165B47;x;
932;162;115;159;R162G115B159;x;
933;96;96;100;R96G96B100;x;
934;198;14;76;R198G14B76;x;
935;228;105;23;R228G105B23;x;
936;221;205;240;R221G205B240;x;
937;110;247;167;R110G247B167;x;
938;83;11;217;R83G11B217;x;
939;161;176;162;R161G176B162;x;
940;241;52;163;R241G52B163;x;
941;68;52;253;R68G52B253;x;
942;74;90;128;R74G90B128;x;
943;69;220;109;R69G220B109;x;
944;219;61;141;R219G61B141;x;
945;246;220;230;R246G220B230;x;
946;218;115;177;R218G115B177;x;
947;108;144;222;R108G144B222;x;
948;138;226;46;R138G226B46;x;
949;52;194;5;R52G194B5;x;
950;115;150;107;R115G150B107;x;
951;37;69;81;R37G69B81;x;
952;124;13;55;R124G13B55;x;
953;188;229;65;R188G229B65;x;
954;73;39;255;R73G39B255;x;
955;34;222;230;R34G222B230;x;
956;35;202;45;R35G202B45;x;
957;241;153;185;R241G153B185;x;
958;211;0;215;R211G0B215;x;
959;26;20;3;R26G20B3;x;
960;52;113;43;R52G113B43;x;
961;77;168;6;R77G168B6;x;
962;19;65;51;R19G65B51;x;
963;112;169;192;limgrave_barony_79;x;
964;30;178;33;R30G178B33;x;
965;231;17;164;R231G17B164;x;
966;3;237;97;limgrave_barony_191;x;
967;85;8;86;R85G8B86;x;
968;118;121;100;R118G121B100;x;
969;68;237;121;R68G237B121;x;
970;162;106;166;wp_barony_2;x;
971;161;224;82;R161G224B82;x;
972;142;211;106;R142G211B106;x;
973;182;112;187;R182G112B187;x;
974;215;225;212;R215G225B212;x;
975;84;166;144;limgrave_barony_43;x;
976;232;23;137;R232G23B137;x;
977;78;116;175;limgrave_barony_121;x;
978;248;81;54;wp_barony_71;x;
979;247;155;50;R247G155B50;x;
980;202;167;167;R202G167B167;x;
981;217;175;24;R217G175B24;x;
982;167;20;235;R167G20B235;x;
983;98;235;191;R98G235B191;x;
984;154;249;232;R154G249B232;x;
985;35;66;250;R35G66B250;x;
986;220;175;161;R220G175B161;x;
987;59;26;5;R59G26B5;x;
988;255;237;89;R255G237B89;x;
989;119;0;59;R119G0B59;x;
990;145;172;201;R145G172B201;x;
991;220;94;78;R220G94B78;x;
992;81;153;11;R81G153B11;x;
993;177;64;221;R177G64B221;x;
994;96;40;198;R96G40B198;x;
995;182;232;214;R182G232B214;x;
996;207;255;240;R207G255B240;x;
997;142;68;163;R142G68B163;x;
998;206;34;117;R206G34B117;x;
999;243;106;21;R243G106B21;x;
1000;118;14;143;R118G14B143;x;
1001;40;137;175;R40G137B175;x;
1002;9;157;62;R9G157B62;x;
1003;95;248;60;R95G248B60;x;
1004;98;217;185;R98G217B185;x;
1005;10;157;127;R10G157B127;x;
1006;23;66;146;limgrave_barony_116;x;
1007;83;231;39;R83G231B39;x;
1008;131;221;175;R131G221B175;x;
1009;205;244;69;R205G244B69;x;
1010;24;252;40;R24G252B40;x;
1011;246;28;120;R246G28B120;x;
1012;233;224;106;R233G224B106;x;
1013;89;163;192;R89G163B192;x;
1014;44;25;148;R44G25B148;x;
1015;170;185;127;R170G185B127;x;
1016;22;18;243;R22G18B243;x;
1017;3;41;80;R3G41B80;x;
1018;85;107;235;R85G107B235;x;
1019;202;28;251;R202G28B251;x;
1020;58;88;183;R58G88B183;x;
1021;24;59;178;R24G59B178;x;
1022;193;217;179;R193G217B179;x;
1023;97;243;147;R97G243B147;x;
1024;112;205;132;R112G205B132;x;
1025;13;221;214;R13G221B214;x;
1026;232;224;67;R232G224B67;x;
1027;33;49;183;R33G49B183;x;
1028;115;190;24;R115G190B24;x;
1029;6;135;95;R6G135B95;x;
1030;8;239;159;R8G239B159;x;
1031;237;226;252;wp_barony_50;x;
1032;117;48;209;R117G48B209;x;
1033;248;15;185;R248G15B185;x;
1034;91;61;40;R91G61B40;x;
1035;89;220;75;R89G220B75;x;
1036;34;165;187;R34G165B187;x;
1037;163;227;93;R163G227B93;x;
1038;217;98;236;R217G98B236;x;
1039;231;11;143;R231G11B143;x;
1040;109;136;171;R109G136B171;x;
1041;43;6;231;R43G6B231;x;
1042;18;118;232;R18G118B232;x;
1043;132;220;191;R132G220B191;x;
1044;171;111;132;R171G111B132;x;
1045;136;27;245;R136G27B245;x;
1046;239;62;106;R239G62B106;x;
1047;223;12;150;R223G12B150;x;
1048;255;106;63;R255G106B63;x;
1049;219;166;117;R219G166B117;x;
1050;106;161;66;R106G161B66;x;
1051;140;19;125;R140G19B125;x;
1052;176;255;38;R176G255B38;x;
1053;25;190;97;R25G190B97;x;
1054;57;43;3;R57G43B3;x;
1055;251;247;130;R251G247B130;x;
1056;242;81;165;R242G81B165;x;
1057;87;167;174;R87G167B174;x;
1058;210;21;37;R210G21B37;x;
1059;189;76;51;R189G76B51;x;
1060;221;78;87;R221G78B87;x;
1061;246;100;160;R246G100B160;x;
1062;202;109;21;R202G109B21;x;
1063;220;185;233;R220G185B233;x;
1064;109;46;92;R109G46B92;x;
1065;58;60;204;limgrave_barony_188;x;
1066;52;115;252;wp_barony_7;x;
1067;182;196;248;R182G196B248;x;
1068;34;101;88;R34G101B88;x;
1069;138;112;23;R138G112B23;x;
1070;111;185;125;R111G185B125;x;
1071;102;252;92;R102G252B92;x;
1072;19;88;117;R19G88B117;x;
1073;20;185;53;R20G185B53;x;
1074;200;254;25;R200G254B25;x;
1075;204;22;193;wp_barony_41;x;
1076;127;112;180;R127G112B180;x;
1077;202;195;14;R202G195B14;x;
1078;248;31;58;R248G31B58;x;
1079;21;201;81;R21G201B81;x;
1080;51;7;111;R51G7B111;x;
1081;192;34;227;R192G34B227;x;
1082;236;6;64;limgrave_barony_103;x;
1083;221;92;114;R221G92B114;x;
1084;215;234;186;R215G234B186;x;
1085;14;57;71;R14G57B71;x;
1086;246;141;106;R246G141B106;x;
1087;121;86;21;R121G86B21;x;
1088;236;9;202;R236G9B202;x;
1089;183;50;114;R183G50B114;x;
1090;124;240;41;R124G240B41;x;
1091;221;122;174;wp_barony_53;x;
1092;187;97;199;R187G97B199;x;
1093;160;97;138;R160G97B138;x;
1094;206;127;244;R206G127B244;x;
1095;201;85;165;R201G85B165;x;
1096;7;14;162;R7G14B162;x;
1097;45;171;108;R45G171B108;x;
1098;5;220;87;limgrave_barony_81;x;
1099;107;189;178;R107G189B178;x;
1100;63;175;175;R63G175B175;x;
1101;53;32;163;R53G32B163;x;
1102;197;155;60;R197G155B60;x;
1103;198;139;81;R198G139B81;x;
1104;150;121;101;R150G121B101;x;
1105;197;45;121;R197G45B121;x;
1106;148;60;199;R148G60B199;x;
1107;6;39;236;R6G39B236;x;
1108;48;4;15;R48G4B15;x;
1109;85;1;19;R85G1B19;x;
1110;196;157;107;R196G157B107;x;
1111;164;142;6;limgrave_barony_61;x;
1112;242;82;87;R242G82B87;x;
1113;31;81;70;R31G81B70;x;
1114;244;237;219;R244G237B219;x;
1115;10;10;234;R10G10B234;x;
1116;51;184;121;R51G184B121;x;
1117;5;142;243;R5G142B243;x;
1118;239;36;207;R239G36B207;x;
1119;84;124;152;divinetower_caelid_1;x;
1120;7;23;182;R7G23B182;x;
1121;213;78;207;R213G78B207;x;
1122;176;116;174;R176G116B174;x;
1123;130;181;113;R130G181B113;x;
1124;96;20;165;R96G20B165;x;
1125;217;157;19;R217G157B19;x;
1126;28;88;242;R28G88B242;x;
1127;31;159;238;limgrave_barony_11;x;
1128;15;172;46;R15G172B46;x;
1129;161;98;46;R161G98B46;x;
1130;62;123;33;R62G123B33;x;
1131;216;157;20;R216G157B20;x;
1132;9;230;217;R9G230B217;x;
1133;194;157;141;R194G157B141;x;
1134;7;178;124;R7G178B124;x;
1135;53;211;183;R53G211B183;x;
1136;139;170;244;R139G170B244;x;
1137;40;110;219;R40G110B219;x;
1138;116;213;23;R116G213B23;x;
1139;59;139;40;R59G139B40;x;
1140;236;99;154;R236G99B154;x;
1141;119;67;68;R119G67B68;x;
1142;231;242;35;R231G242B35;x;
1143;222;3;203;R222G3B203;x;
1144;47;55;51;R47G55B51;x;
1145;99;217;34;R99G217B34;x;
1146;113;143;56;R113G143B56;x;
1147;34;60;99;R34G60B99;x;
1148;69;3;152;R69G3B152;x;
1149;144;169;134;R144G169B134;x;
1150;33;242;73;R33G242B73;x;
1151;228;183;186;R228G183B186;x;
1152;83;52;250;R83G52B250;x;
1153;71;88;89;limgrave_barony_142;x;
1154;47;33;118;R47G33B118;x;
1155;129;102;217;R129G102B217;x;
1156;184;106;50;R184G106B50;x;
1157;192;204;39;R192G204B39;x;
1158;218;251;210;R218G251B210;x;
1159;41;226;209;R41G226B209;x;
1160;231;56;123;R231G56B123;x;
1161;235;89;61;R235G89B61;x;
1162;190;236;232;R190G236B232;x;
1163;114;151;214;R114G151B214;x;
1164;162;107;177;R162G107B177;x;
1165;158;54;169;R158G54B169;x;
1166;124;87;194;R124G87B194;x;
1167;174;239;39;R174G239B39;x;
1168;193;46;191;R193G46B191;x;
1169;212;100;102;R212G100B102;x;
1170;51;65;136;R51G65B136;x;
1171;185;105;167;R185G105B167;x;
1172;108;151;13;limgrave_barony_111;x;
1173;254;159;40;R254G159B40;x;
1174;130;122;80;R130G122B80;x;
1175;223;215;51;R223G215B51;x;
1176;150;14;233;R150G14B233;x;
1177;143;201;72;R143G201B72;x;
1178;198;123;138;R198G123B138;x;
1179;192;237;154;R192G237B154;x;
1180;51;194;6;R51G194B6;x;
1181;56;156;217;R56G156B217;x;
1182;65;231;179;R65G231B179;x;
1183;30;177;4;R30G177B4;x;
1184;193;231;213;R193G231B213;x;
1185;167;177;64;R167G177B64;x;
1186;67;229;9;R67G229B9;x;
1187;79;81;44;R79G81B44;x;
1188;57;77;101;R57G77B101;x;
1189;224;124;18;R224G124B18;x;
1190;1;127;168;R1G127B168;x;
1191;167;99;153;R167G99B153;x;
1192;218;13;174;R218G13B174;x;
1193;191;161;186;R191G161B186;x;
1194;248;201;186;R248G201B186;x;
1195;180;173;190;R180G173B190;x;
1196;243;221;46;R243G221B46;x;
1197;113;84;49;R113G84B49;x;
1198;77;175;0;R77G175B0;x;
1199;203;124;231;R203G124B231;x;
1200;105;193;157;R105G193B157;x;
1201;64;98;144;R64G98B144;x;
1202;240;57;132;R240G57B132;x;
1203;133;201;189;R133G201B189;x;
1204;51;231;35;limgrave_barony_86;x;
1205;88;157;34;R88G157B34;x;
1206;216;230;158;wp_barony_37;x;
1207;94;223;166;R94G223B166;x;
1208;166;170;249;limgrave_barony_64;x;
1209;250;184;99;R250G184B99;x;
1210;175;208;132;R175G208B132;x;
1211;236;107;86;R236G107B86;x;
1212;100;10;143;R100G10B143;x;
1213;53;108;22;R53G108B22;x;
1214;254;166;90;R254G166B90;x;
1215;241;219;30;R241G219B30;x;
1216;126;35;242;R126G35B242;x;
1217;227;124;144;R227G124B144;x;
1218;169;241;7;R169G241B7;x;
1219;202;145;63;R202G145B63;x;
1220;56;196;175;R56G196B175;x;
1221;142;1;86;R142G1B86;x;
1222;155;131;56;R155G131B56;x;
1223;55;186;232;limgrave_barony_169;x;
1224;7;250;213;wp_barony_21;x;
1225;202;138;63;R202G138B63;x;
1226;209;43;175;limgrave_barony_153;x;
1227;25;39;119;R25G39B119;x;
1228;83;62;53;R83G62B53;x;
1229;255;68;200;R255G68B200;x;
1230;173;164;213;R173G164B213;x;
1231;51;195;223;R51G195B223;x;
1232;117;125;189;R117G125B189;x;
1233;172;184;25;R172G184B25;x;
1234;184;180;108;R184G180B108;x;
1235;117;181;223;R117G181B223;x;
1236;36;62;177;R36G62B177;x;
1237;183;174;117;R183G174B117;x;
1238;142;147;135;limgrave_barony_38;x;
1239;10;96;197;R10G96B197;x;
1240;255;42;167;R255G42B167;x;
1241;60;153;222;R60G153B222;x;
1242;50;86;168;R50G86B168;x;
1243;22;23;50;R22G23B50;x;
1244;172;48;107;R172G48B107;x;
1245;135;77;209;R135G77B209;x;
1246;206;88;143;R206G88B143;x;
1247;27;227;84;R27G227B84;x;
1248;93;178;190;R93G178B190;x;
1249;178;239;116;R178G239B116;x;
1250;203;54;139;R203G54B139;x;
1251;223;253;15;R223G253B15;x;
1252;16;119;186;R16G119B186;x;
1253;145;28;209;R145G28B209;x;
1254;196;146;175;R196G146B175;x;
1255;38;242;145;R38G242B145;x;
1256;154;113;237;R154G113B237;x;
1257;61;220;33;R61G220B33;x;
1258;170;45;233;R170G45B233;x;
1259;192;70;197;R192G70B197;x;
1260;142;199;127;R142G199B127;x;
1261;158;124;55;R158G124B55;x;
1262;246;27;194;R246G27B194;x;
1263;89;162;194;R89G162B194;x;
1264;152;123;58;R152G123B58;x;
1265;58;233;52;R58G233B52;x;
1266;66;54;67;R66G54B67;x;
1267;218;63;255;R218G63B255;x;
1268;105;42;54;R105G42B54;x;
1269;1;173;45;R1G173B45;x;
1270;207;119;194;R207G119B194;x;
1271;120;38;139;R120G38B139;x;
1272;101;220;145;R101G220B145;x;
1273;144;125;118;limgrave_barony_193;x;
1274;82;110;250;R82G110B250;x;
1275;227;185;65;wp_barony_10;x;
1276;58;148;127;limgrave_barony_18;x;
1277;118;254;108;limgrave_barony_182;x;
1278;15;250;4;R15G250B4;x;
1279;254;58;219;R254G58B219;x;
1280;22;239;103;R22G239B103;x;
1281;251;190;106;R251G190B106;x;
1282;106;119;6;R106G119B6;x;
1283;138;208;111;R138G208B111;x;
1284;120;1;149;R120G1B149;x;
1285;45;215;234;R45G215B234;x;
1286;161;26;238;R161G26B238;x;
1287;228;145;122;R228G145B122;x;
1288;50;144;161;R50G144B161;x;
1289;42;110;48;R42G110B48;x;
1290;143;233;44;R143G233B44;x;
1291;46;128;247;R46G128B247;x;
1292;203;173;53;R203G173B53;x;
1293;207;59;66;R207G59B66;x;
1294;25;15;248;limgrave_barony_91;x;
1295;88;31;135;R88G31B135;x;
1296;89;137;21;R89G137B21;x;
1297;217;159;187;R217G159B187;x;
1298;14;56;10;R14G56B10;x;
1299;231;107;57;R231G107B57;x;
1300;152;64;241;limgrave_barony_141;x;
1301;169;230;97;R169G230B97;x;
1302;109;93;202;R109G93B202;x;
1303;183;163;10;R183G163B10;x;
1304;36;253;234;R36G253B234;x;
1305;230;57;209;R230G57B209;x;
1306;85;221;212;limgrave_barony_35;x;
1307;44;240;218;R44G240B218;x;
1308;15;26;106;R15G26B106;x;
1309;26;53;198;R26G53B198;x;
1310;221;199;45;R221G199B45;x;
1311;124;126;50;R124G126B50;x;
1312;81;225;54;R81G225B54;x;
1313;183;218;26;R183G218B26;x;
1314;110;117;224;R110G117B224;x;
1315;192;92;113;R192G92B113;x;
1316;96;68;25;R96G68B25;x;
1317;167;222;149;R167G222B149;x;
1318;247;84;178;R247G84B178;x;
1319;252;187;20;R252G187B20;x;
1320;135;14;194;limgrave_barony_17;x;
1321;120;171;158;R120G171B158;x;
1322;211;82;29;R211G82B29;x;
1323;174;179;120;R174G179B120;x;
1324;143;27;160;R143G27B160;x;
1325;60;148;13;limgrave_barony_30;x;
1326;232;34;174;R232G34B174;x;
1327;196;182;168;R196G182B168;x;
1328;215;8;64;R215G8B64;x;
1329;180;37;227;R180G37B227;x;
1330;98;196;175;R98G196B175;x;
1331;43;141;239;R43G141B239;x;
1332;241;0;235;R241G0B235;x;
1333;182;184;159;R182G184B159;x;
1334;250;136;230;R250G136B230;x;
1335;196;12;193;R196G12B193;x;
1336;75;192;15;R75G192B15;x;
1337;172;247;124;limgrave_barony_70;x;
1338;10;215;47;R10G215B47;x;
1339;135;88;45;R135G88B45;x;
1340;198;161;123;wp_barony_11;x;
1341;187;187;243;R187G187B243;x;
1342;56;100;102;R56G100B102;x;
1343;189;201;25;R189G201B25;x;
1344;22;215;204;R22G215B204;x;
1345;206;160;153;wp_barony_61;x;
1346;19;2;88;R19G2B88;x;
1347;12;31;231;R12G31B231;x;
1348;128;177;84;R128G177B84;x;
1349;207;67;141;R207G67B141;x;
1350;106;66;120;R106G66B120;x;
1351;205;109;66;R205G109B66;x;
1352;25;207;50;R25G207B50;x;
1353;26;143;17;R26G143B17;x;
1354;83;78;193;limgrave_barony_78;x;
1355;223;16;225;R223G16B225;x;
1356;230;187;191;R230G187B191;x;
1357;42;186;57;R42G186B57;x;
1358;5;84;143;limgrave_barony_80;x;
1359;255;87;167;R255G87B167;x;
1360;29;129;222;R29G129B222;x;
1361;85;234;16;R85G234B16;x;
1362;20;101;37;R20G101B37;x;
1363;254;244;253;R254G244B253;x;
1364;219;254;196;R219G254B196;x;
1365;50;196;68;R50G196B68;x;
1366;27;109;26;R27G109B26;x;
1367;99;171;211;limgrave_barony_186;x;
1368;224;72;46;R224G72B46;x;
1369;205;115;184;limgrave_barony_47;x;
1370;63;2;206;R63G2B206;x;
1371;254;199;41;R254G199B41;x;
1372;229;156;224;R229G156B224;x;
1373;233;109;48;R233G109B48;x;
1374;134;87;212;R134G87B212;x;
1375;90;3;36;R90G3B36;x;
1376;221;175;98;R221G175B98;x;
1377;120;156;70;R120G156B70;x;
1378;70;103;181;R70G103B181;x;
1379;125;116;159;R125G116B159;x;
1380;121;143;49;R121G143B49;x;
1381;61;44;156;R61G44B156;x;
1382;182;73;189;R182G73B189;x;
1383;165;70;250;R165G70B250;x;
1384;224;253;111;R224G253B111;x;
1385;71;193;200;limgrave_barony_139;x;
1386;220;62;228;R220G62B228;x;
1387;109;158;234;R109G158B234;x;
1388;38;200;103;R38G200B103;x;
1389;221;164;116;R221G164B116;x;
1390;176;99;115;R176G99B115;x;
1391;37;251;28;R37G251B28;x;
1392;210;192;61;R210G192B61;x;
1393;219;133;25;R219G133B25;x;
1394;218;73;104;R218G73B104;x;
1395;233;62;207;R233G62B207;x;
1396;159;216;110;R159G216B110;x;
1397;143;222;210;R143G222B210;x;
1398;40;68;185;R40G68B185;x;
1399;182;238;174;R182G238B174;x;
1400;56;126;155;R56G126B155;x;
1401;126;185;19;R126G185B19;x;
1402;224;106;77;R224G106B77;x;
1403;202;28;108;R202G28B108;x;
1404;124;88;9;R124G88B9;x;
1405;63;223;203;R63G223B203;x;
1406;228;92;142;R228G92B142;x;
1407;142;60;238;R142G60B238;x;
1408;191;75;140;R191G75B140;x;
1409;138;72;48;R138G72B48;x;
1410;82;143;185;R82G143B185;x;
1411;94;190;151;limgrave_barony_66;x;
1412;16;61;206;R16G61B206;x;
1413;57;222;241;R57G222B241;x;
1414;182;240;101;R182G240B101;x;
1415;114;238;251;limgrave_barony_183;x;
1416;23;54;41;R23G54B41;x;
1417;83;21;166;R83G21B166;x;
1418;52;42;211;R52G42B211;x;
1419;220;55;57;R220G55B57;x;
1420;88;199;1;R88G199B1;x;
1421;137;232;253;limgrave_barony_5;x;
1422;123;249;69;R123G249B69;x;
1423;236;116;211;R236G116B211;x;
1424;152;61;111;R152G61B111;x;
1425;215;238;97;R215G238B97;x;
1426;126;0;245;R126G0B245;x;
1427;194;202;74;R194G202B74;x;
1428;40;43;101;R40G43B101;x;
1429;96;229;77;wp_barony_60;x;
1430;100;223;251;R100G223B251;x;
1431;151;158;63;R151G158B63;x;
1432;0;196;27;R0G196B27;x;
1433;92;145;42;R92G145B42;x;
1434;171;0;77;R171G0B77;x;
1435;173;196;75;R173G196B75;x;
1436;192;11;176;R192G11B176;x;
1437;111;42;53;R111G42B53;x;
1438;221;121;106;R221G121B106;x;
1439;145;243;108;R145G243B108;x;
1440;151;109;151;R151G109B151;x;
1441;96;179;120;R96G179B120;x;
1442;57;223;172;R57G223B172;x;
1443;240;104;132;R240G104B132;x;
1444;137;88;189;R137G88B189;x;
1445;114;229;217;R114G229B217;x;
1446;71;147;188;limgrave_barony_46;x;
1447;136;174;57;R136G174B57;x;
1448;152;5;226;R152G5B226;x;
1449;120;116;28;R120G116B28;x;
1450;239;37;172;R239G37B172;x;
1451;73;70;195;R73G70B195;x;
1452;128;197;14;R128G197B14;x;
1453;55;20;98;wp_barony_12;x;
1454;163;75;166;R163G75B166;x;
1455;202;0;140;R202G0B140;x;
1456;229;50;63;limgrave_barony_175;x;
1457;97;140;47;R97G140B47;x;
1458;31;73;28;R31G73B28;x;
1459;26;104;46;R26G104B46;x;
1460;225;52;200;limgrave_barony_74;x;
1461;169;20;60;R169G20B60;x;
1462;61;47;124;R61G47B124;x;
1463;63;143;72;R63G143B72;x;
1464;244;184;212;R244G184B212;x;
1465;171;196;114;R171G196B114;x;
1466;112;143;213;R112G143B213;x;
1467;130;42;161;R130G42B161;x;
1468;83;51;157;R83G51B157;x;
1469;244;62;28;R244G62B28;x;
1470;218;206;232;R218G206B232;x;
1471;26;129;140;R26G129B140;x;
1472;18;40;32;R18G40B32;x;
1473;111;180;229;R111G180B229;x;
1474;131;19;5;R131G19B5;x;
1475;85;89;16;R85G89B16;x;
1476;16;24;37;R16G24B37;x;
1477;79;116;72;R79G116B72;x;
1478;64;195;156;R64G195B156;x;
1479;145;163;65;R145G163B65;x;
1480;67;137;40;R67G137B40;x;
1481;45;243;21;R45G243B21;x;
1482;98;53;247;R98G53B247;x;
1483;207;23;142;R207G23B142;x;
1484;215;30;118;R215G30B118;x;
1485;247;199;63;R247G199B63;x;
1486;6;90;89;wp_barony_46;x;
1487;236;228;244;limgrave_barony_6;x;
1488;192;62;96;R192G62B96;x;
1489;169;150;250;R169G150B250;x;
1490;5;25;48;R5G25B48;x;
1491;147;155;26;R147G155B26;x;
1492;88;15;117;R88G15B117;x;
1493;213;125;215;R213G125B215;x;
1494;110;120;207;R110G120B207;x;
1495;29;40;28;R29G40B28;x;
1496;232;238;186;R232G238B186;x;
1497;142;34;189;R142G34B189;x;
1498;255;234;117;R255G234B117;x;
1499;110;41;89;R110G41B89;x;
1500;58;161;32;R58G161B32;x;
1501;255;243;243;R255G243B243;x;
1502;89;169;176;limgrave_barony_53;x;
1503;43;36;54;R43G36B54;x;
1504;43;164;6;R43G164B6;x;
1505;106;231;14;R106G231B14;x;
1506;18;255;188;R18G255B188;x;
1507;188;42;91;R188G42B91;x;
1508;217;167;116;R217G167B116;x;
1509;181;241;21;R181G241B21;x;
1510;39;169;67;R39G169B67;x;
1511;114;224;192;R114G224B192;x;
1512;60;29;248;limgrave_barony_124;x;
1513;59;177;105;R59G177B105;x;
1514;198;13;113;R198G13B113;x;
1515;121;121;67;R121G121B67;x;
1516;39;107;252;R39G107B252;x;
1517;230;192;210;R230G192B210;x;
1518;83;45;106;limgrave_barony_112;x;
1519;201;184;219;R201G184B219;x;
1520;241;122;195;R241G122B195;x;
1521;245;185;244;R245G185B244;x;
1522;143;144;108;R143G144B108;x;
1523;153;40;139;limgrave_barony_147;x;
1524;192;38;174;limgrave_barony_178;x;
1525;192;76;41;R192G76B41;x;
1526;79;200;100;R79G200B100;x;
1527;151;178;4;R151G178B4;x;
1528;2;51;214;wp_barony_36;x;
1529;186;48;121;R186G48B121;x;
1530;44;105;255;R44G105B255;x;
1531;106;61;242;R106G61B242;x;
1532;146;122;204;R146G122B204;x;
1533;60;55;125;wp_barony_68;x;
1534;78;7;48;R78G7B48;x;
1535;207;140;166;R207G140B166;x;
1536;99;205;80;R99G205B80;x;
1537;57;195;140;R57G195B140;x;
1538;192;225;77;R192G225B77;x;
1539;202;204;138;R202G204B138;x;
1540;40;199;105;limgrave_barony_19;x;
1541;142;8;95;R142G8B95;x;
1542;1;167;26;R1G167B26;x;
1543;222;65;119;R222G65B119;x;
1544;211;179;60;R211G179B60;x;
1545;18;113;30;R18G113B30;x;
1546;50;236;99;R50G236B99;x;
1547;136;95;78;R136G95B78;x;
1548;172;153;44;R172G153B44;x;
1549;182;118;148;R182G118B148;x;
1550;183;84;210;R183G84B210;x;
1551;160;59;31;R160G59B31;x;
1552;133;137;107;R133G137B107;x;
1553;185;215;238;R185G215B238;x;
1554;13;2;141;R13G2B141;x;
1555;164;235;99;R164G235B99;x;
1556;96;189;100;R96G189B100;x;
1557;154;177;76;R154G177B76;x;
1558;200;159;136;R200G159B136;x;
1559;11;38;175;R11G38B175;x;
1560;62;14;116;R62G14B116;x;
1561;138;121;59;R138G121B59;x;
1562;198;149;246;R198G149B246;x;
1563;243;39;221;R243G39B221;x;
1564;215;74;110;R215G74B110;x;
1565;184;78;93;R184G78B93;x;
1566;184;186;241;R184G186B241;x;
1567;168;72;209;R168G72B209;x;
1568;170;227;15;R170G227B15;x;
1569;217;100;193;R217G100B193;x;
1570;23;171;112;R23G171B112;x;
1571;125;48;4;R125G48B4;x;
1572;76;191;118;R76G191B118;x;
1573;52;137;15;R52G137B15;x;
1574;8;181;116;R8G181B116;x;
1575;179;184;137;R179G184B137;x;
1576;160;142;240;R160G142B240;x;
1577;220;218;25;R220G218B25;x;
1578;231;171;100;R231G171B100;x;
1579;52;208;205;R52G208B205;x;
1580;50;149;165;R50G149B165;x;
1581;42;255;167;R42G255B167;x;
1582;163;90;143;R163G90B143;x;
1583;193;138;89;wp_barony_19;x;
1584;57;69;135;R57G69B135;x;
1585;113;213;211;R113G213B211;x;
1586;29;241;71;R29G241B71;x;
1587;62;249;43;R62G249B43;x;
1588;111;250;36;R111G250B36;x;
1589;240;122;73;R240G122B73;x;
1590;35;251;95;R35G251B95;x;
1591;43;68;194;R43G68B194;x;
1592;212;92;179;wp_barony_52;x;
1593;252;28;37;limgrave_barony_93;x;
1594;160;124;196;R160G124B196;x;
1595;193;255;60;R193G255B60;x;
1596;247;96;7;R247G96B7;x;
1597;133;228;164;R133G228B164;x;
1598;189;160;118;R189G160B118;x;
1599;40;88;248;R40G88B248;x;
1600;37;151;202;R37G151B202;x;
1601;126;125;128;limgrave_barony_172;x;
1602;218;146;148;R218G146B148;x;
1603;48;30;195;limgrave_barony_176;x;
1604;226;1;230;R226G1B230;x;
1605;58;75;40;R58G75B40;x;
1606;185;94;130;limgrave_barony_126;x;
1607;124;115;133;R124G115B133;x;
1608;237;212;178;R237G212B178;x;
1609;43;68;186;R43G68B186;x;
1610;100;92;234;limgrave_barony_59;x;
1611;11;60;132;limgrave_barony_195;x;
1612;240;49;126;R240G49B126;x;
1613;196;32;156;R196G32B156;x;
1614;9;137;1;R9G137B1;x;
1615;237;255;98;R237G255B98;x;
1616;134;216;245;wp_barony_40;x;
1617;190;112;222;R190G112B222;x;
1618;80;81;134;R80G81B134;x;
1619;221;235;204;R221G235B204;x;
1620;14;255;32;R14G255B32;x;
1621;153;162;111;R153G162B111;x;
1622;227;251;128;limgrave_barony_110;x;
1623;132;196;35;R132G196B35;x;
1624;182;233;166;wp_barony_38;x;
1625;130;14;248;R130G14B248;x;
1626;103;161;194;R103G161B194;x;
1627;18;121;110;R18G121B110;x;
1628;39;165;62;limgrave_barony_154;x;
1629;174;89;248;R174G89B248;x;
1630;134;210;227;limgrave_barony_4;x;
1631;193;54;63;R193G54B63;x;
1632;102;65;169;R102G65B169;x;
1633;60;195;24;limgrave_barony_120;x;
1634;254;91;176;R254G91B176;x;
1635;46;162;177;R46G162B177;x;
1636;128;173;251;R128G173B251;x;
1637;71;37;143;R71G37B143;x;
1638;70;22;201;R70G22B201;x;
1639;153;140;60;R153G140B60;x;
1640;84;57;50;R84G57B50;x;
1641;75;177;162;R75G177B162;x;
1642;138;109;184;R138G109B184;x;
1643;202;57;201;R202G57B201;x;
1644;200;133;124;R200G133B124;x;
1645;164;87;174;R164G87B174;x;
1646;68;63;10;R68G63B10;x;
1647;190;86;151;R190G86B151;x;
1648;140;223;208;R140G223B208;x;
1649;148;142;69;limgrave_barony_42;x;
1650;209;114;227;R209G114B227;x;
1651;237;212;161;R237G212B161;x;
1652;109;68;176;R109G68B176;x;
1653;115;88;3;R115G88B3;x;
1654;238;249;85;R238G249B85;x;
1655;47;154;3;R47G154B3;x;
1656;123;130;148;R123G130B148;x;
1657;110;28;91;R110G28B91;x;
1658;167;16;108;R167G16B108;x;
1659;201;203;85;R201G203B85;x;
1660;21;79;40;R21G79B40;x;
1661;239;132;244;limgrave_barony_185;x;
1662;219;116;178;R219G116B178;x;
1663;33;11;247;R33G11B247;x;
1664;35;60;23;R35G60B23;x;
1665;136;1;51;limgrave_barony_89;x;
1666;11;183;248;R11G183B248;x;
1667;51;142;232;R51G142B232;x;
1668;248;64;94;R248G64B94;x;
1669;53;38;34;R53G38B34;x;
1670;168;226;107;limgrave_barony_82;x;
1671;172;198;250;R172G198B250;x;
1672;3;108;12;limgrave_barony_84;x;
1673;178;106;21;R178G106B21;x;
1674;189;192;158;R189G192B158;x;
1675;40;83;8;R40G83B8;x;
1676;191;167;121;limgrave_barony_50;x;
1677;214;165;184;R214G165B184;x;
1678;77;123;116;R77G123B116;x;
1679;216;243;218;R216G243B218;x;
1680;136;127;171;R136G127B171;x;
1681;81;161;126;R81G161B126;x;
1682;160;141;71;R160G141B71;x;
1683;181;234;192;R181G234B192;x;
1684;251;165;108;R251G165B108;x;
1685;212;177;220;R212G177B220;x;
1686;110;235;228;R110G235B228;x;
1687;74;1;18;R74G1B18;x;
1688;121;123;96;R121G123B96;x;
1689;83;75;20;R83G75B20;x;
1690;5;32;58;limgrave_barony_149;x;
1691;185;251;55;R185G251B55;x;
1692;40;152;127;R40G152B127;x;
1693;85;39;150;R85G39B150;x;
1694;112;230;248;limgrave_barony_171;x;
1695;241;15;64;R241G15B64;x;
1696;158;47;41;limgrave_barony_165;x;
1697;68;113;5;lilland_1;x;
1698;244;136;83;R244G136B83;x;
1699;84;216;31;R84G216B31;x;
1700;4;252;81;R4G252B81;x;
1701;90;116;141;R90G116B141;x;
1702;125;57;126;R125G57B126;x;
1703;9;35;88;R9G35B88;x;
1704;225;54;106;R225G54B106;x;
1705;142;129;172;R142G129B172;x;
1706;198;64;62;R198G64B62;x;
1707;165;234;132;R165G234B132;x;
1708;38;197;31;R38G197B31;x;
1709;80;160;82;R80G160B82;x;
1710;78;222;246;R78G222B246;x;
1711;34;162;187;R34G162B187;x;
1712;242;117;93;R242G117B93;x;
1713;195;4;170;wp_barony_8;x;
1714;176;79;219;R176G79B219;x;
1715;156;58;91;R156G58B91;x;
1716;254;179;130;R254G179B130;x;
1717;111;187;201;R111G187B201;x;
1718;220;28;138;R220G28B138;x;
1719;84;188;208;R84G188B208;x;
1720;176;100;178;R176G100B178;x;
1721;85;185;55;R85G185B55;x;
1722;247;80;254;R247G80B254;x;
1723;176;104;233;R176G104B233;x;
1724;178;216;128;R178G216B128;x;
1725;79;24;177;R79G24B177;x;
1726;243;206;24;R243G206B24;x;
1727;243;147;120;wp_barony_17;x;
1728;176;54;238;wp_barony_69;x;
1729;110;51;93;R110G51B93;x;
1730;29;168;178;R29G168B178;x;
1731;21;225;52;R21G225B52;x;
1732;235;162;177;R235G162B177;x;
1733;103;199;126;R103G199B126;x;
1734;202;122;30;R202G122B30;x;
1735;90;103;198;R90G103B198;x;
1736;139;236;111;R139G236B111;x;
1737;164;125;207;R164G125B207;x;
1738;104;246;215;wp_barony_24;x;
1739;139;147;251;R139G147B251;x;
1740;156;102;191;limgrave_barony_48;x;
1741;116;180;151;R116G180B151;x;
1742;158;61;187;R158G61B187;x;
1743;253;226;231;R253G226B231;x;
1744;128;144;132;limgrave_barony_20;x;
1745;164;186;53;R164G186B53;x;
1746;234;32;194;R234G32B194;x;
1747;69;125;217;R69G125B217;x;
1748;223;88;133;R223G88B133;x;
1749;132;81;62;R132G81B62;x;
1750;219;3;59;R219G3B59;x;
1751;137;189;125;R137G189B125;x;
1752;140;243;2;limgrave_barony_144;x;
1753;209;247;183;R209G247B183;x;
1754;32;141;133;limgrave_barony_7;x;
1755;172;234;199;R172G234B199;x;
1756;2;55;175;R2G55B175;x;
1757;164;83;221;R164G83B221;x;
1758;167;159;218;R167G159B218;x;
1759;75;28;4;R75G28B4;x;
1760;220;54;211;R220G54B211;x;
1761;54;11;37;R54G11B37;x;
1762;124;214;128;R124G214B128;x;
1763;33;64;97;limgrave_barony_23;x;
1764;67;72;94;wp_barony_4;x;
1765;187;13;185;R187G13B185;x;
1766;100;99;123;R100G99B123;x;
1767;30;51;252;R30G51B252;x;
1768;93;72;2;R93G72B2;x;
1769;38;89;87;R38G89B87;x;
1770;216;98;35;R216G98B35;x;
1771;234;233;113;R234G233B113;x;
1772;26;86;113;R26G86B113;x;
1773;218;231;75;R218G231B75;x;
1774;125;31;243;R125G31B243;x;
1775;74;179;234;R74G179B234;x;
1776;154;163;139;R154G163B139;x;
1777;243;55;29;R243G55B29;x;
1778;79;81;109;R79G81B109;x;
1779;67;77;166;R67G77B166;x;
1780;211;64;235;R211G64B235;x;
1781;148;36;224;R148G36B224;x;
1782;100;126;62;R100G126B62;x;
1783;23;17;203;R23G17B203;x;
1784;36;77;137;R36G77B137;x;
1785;208;50;202;R208G50B202;x;
1786;114;34;16;R114G34B16;x;
1787;67;162;51;R67G162B51;x;
1788;20;119;230;R20G119B230;x;
1789;28;100;250;R28G100B250;x;
1790;126;17;145;R126G17B145;x;
1791;232;223;115;R232G223B115;x;
1792;48;86;213;limgrave_barony_98;x;
1793;2;155;116;R2G155B116;x;
1794;85;189;34;R85G189B34;x;
1795;174;219;122;R174G219B122;x;
1796;199;53;38;R199G53B38;x;
1797;8;205;24;R8G205B24;x;
1798;135;173;183;R135G173B183;x;
1799;4;67;247;R4G67B247;x;
1800;168;120;57;R168G120B57;x;
1801;242;156;82;R242G156B82;x;
1802;37;91;81;R37G91B81;x;
1803;193;8;55;limgrave_barony_62;x;
1804;66;209;76;R66G209B76;x;
1805;64;196;244;R64G196B244;x;
1806;35;17;217;R35G17B217;x;
1807;167;53;218;R167G53B218;x;
1808;19;13;4;R19G13B4;x;
1809;105;179;8;R105G179B8;x;
1810;30;45;24;R30G45B24;x;
1811;214;174;245;R214G174B245;x;
1812;106;129;159;R106G129B159;x;
1813;88;136;231;R88G136B231;x;
1814;91;208;51;limgrave_barony_60;x;
1815;196;163;36;R196G163B36;x;
1816;241;227;17;R241G227B17;x;
1817;75;246;30;R75G246B30;x;
1818;54;237;39;R54G237B39;x;
1819;200;110;99;R200G110B99;x;
1820;134;21;222;R134G21B222;x;
1821;203;100;52;R203G100B52;x;
1822;2;151;114;R2G151B114;x;
1823;199;139;219;R199G139B219;x;
1824;230;123;190;limgrave_barony_160;x;
1825;135;173;181;R135G173B181;x;
1826;40;67;33;R40G67B33;x;
1827;164;240;2;R164G240B2;x;
1828;9;42;41;R9G42B41;x;
1829;89;109;242;R89G109B242;x;
1830;173;55;252;R173G55B252;x;
1831;254;5;132;limgrave_barony_10;x;
1832;76;64;100;limgrave_barony_69;x;
1833;223;94;254;R223G94B254;x;
1834;181;39;0;R181G39B0;x;
1835;195;38;195;R195G38B195;x;
1836;38;254;115;R38G254B115;x;
1837;237;154;73;R237G154B73;x;
1838;141;6;227;R141G6B227;x;
1839;90;218;66;limgrave_barony_55;x;
1840;114;47;254;R114G47B254;x;
1841;105;137;33;R105G137B33;x;
1842;251;63;55;R251G63B55;x;
1843;109;12;159;R109G12B159;x;
1844;153;30;218;R153G30B218;x;
1845;149;35;223;R149G35B223;x;
1846;146;142;195;R146G142B195;x;
1847;115;78;114;limgrave_barony_105;x;
1848;147;80;28;R147G80B28;x;
1849;62;176;105;R62G176B105;x;
1850;124;238;77;R124G238B77;x;
1851;97;74;40;R97G74B40;x;
1852;203;98;205;R203G98B205;x;
1853;202;247;230;R202G247B230;x;
1854;196;211;59;R196G211B59;x;
1855;73;172;14;R73G172B14;x;
1856;162;238;244;R162G238B244;x;
1857;90;214;238;R90G214B238;x;
1858;177;36;53;R177G36B53;x;
1859;179;88;222;R179G88B222;x;
1860;40;121;149;R40G121B149;x;
1861;117;105;83;R117G105B83;x;
1862;196;191;135;limgrave_barony_181;x;
1863;64;217;11;R64G217B11;x;
1864;240;161;252;R240G161B252;x;
1865;104;143;173;R104G143B173;x;
1866;95;218;237;R95G218B237;x;
1867;126;197;129;R126G197B129;x;
1868;229;208;36;limgrave_barony_32;x;
1869;22;119;187;limgrave_barony_146;x;
1870;121;40;177;limgrave_barony_131;x;
1871;143;102;223;R143G102B223;x;
1872;144;38;27;R144G38B27;x;
1873;243;172;194;R243G172B194;x;
1874;195;90;230;R195G90B230;x;
1875;208;202;144;R208G202B144;x;
1876;52;135;171;R52G135B171;x;
1877;244;51;73;R244G51B73;x;
1878;11;180;111;R11G180B111;x;
1879;204;219;136;R204G219B136;x;
1880;246;89;94;R246G89B94;x;
1881;131;2;127;R131G2B127;x;
1882;135;255;61;limgrave_barony_109;x;
1883;91;20;172;wp_barony_14;x;
1884;249;211;148;R249G211B148;x;
1885;197;34;41;R197G34B41;x;
1886;87;144;217;R87G144B217;x;
1887;38;56;3;R38G56B3;x;
1888;219;155;196;R219G155B196;x;
1889;20;159;68;R20G159B68;x;
1890;211;14;87;R211G14B87;x;
1891;241;67;192;R241G67B192;x;
1892;248;190;230;R248G190B230;x;
1893;118;73;152;limgrave_barony_24;x;
1894;211;198;160;R211G198B160;x;
1895;108;150;76;R108G150B76;x;
1896;102;51;164;wp_barony_30;x;
1897;42;184;54;R42G184B54;x;
1898;138;112;238;R138G112B238;x;
1899;101;185;214;R101G185B214;x;
1900;94;112;104;R94G112B104;x;
1901;35;145;91;R35G145B91;x;
1902;106;66;33;R106G66B33;x;
1903;127;109;29;limgrave_barony_13;x;
1904;107;67;210;R107G67B210;x;
1905;82;138;162;R82G138B162;x;
1906;149;123;217;R149G123B217;x;
1907;98;227;24;R98G227B24;x;
1908;231;212;86;R231G212B86;x;
1909;70;232;117;R70G232B117;x;
1910;114;95;51;R114G95B51;x;
1911;154;117;136;R154G117B136;x;
1912;35;180;107;wp_barony_1;x;
1913;82;171;60;R82G171B60;x;
1914;214;38;77;R214G38B77;x;
1915;33;56;76;R33G56B76;x;
1916;115;205;97;R115G205B97;x;
1917;139;227;206;R139G227B206;x;
1918;169;146;105;R169G146B105;x;
1919;156;220;43;limgrave_barony_108;x;
1920;5;63;180;R5G63B180;x;
1921;179;184;54;R179G184B54;x;
1922;134;142;66;R134G142B66;x;
1923;240;102;77;R240G102B77;x;
1924;71;220;195;R71G220B195;x;
1925;238;129;51;R238G129B51;x;
1926;167;128;208;R167G128B208;x;
1927;121;255;205;limgrave_barony_177;x;
1928;28;240;151;R28G240B151;x;
1929;223;58;64;R223G58B64;x;
1930;136;141;22;R136G141B22;x;
1931;193;186;141;R193G186B141;x;
1932;247;230;201;R247G230B201;x;
1933;126;217;38;R126G217B38;x;
1934;2;101;38;R2G101B38;x;
1935;229;48;222;R229G48B222;x;
1936;27;239;178;R27G239B178;x;
1937;102;72;101;R102G72B101;x;
1938;188;103;146;R188G103B146;x;
1939;115;136;109;R115G136B109;x;
1940;109;250;75;limgrave_barony_174;x;
1941;37;78;30;R37G78B30;x;
1942;248;84;207;limgrave_barony_140;x;
1943;3;189;186;R3G189B186;x;
1944;124;127;88;R124G127B88;x;
1945;81;89;54;R81G89B54;x;
1946;237;208;26;R237G208B26;x;
1947;175;103;40;R175G103B40;x;
1948;30;162;10;R30G162B10;x;
1949;72;77;241;R72G77B241;x;
1950;184;170;76;R184G170B76;x;
1951;250;188;18;R250G188B18;x;
1952;160;112;205;R160G112B205;x;
1953;92;245;237;R92G245B237;x;
1954;167;179;39;R167G179B39;x;
1955;32;105;183;R32G105B183;x;
1956;99;85;195;R99G85B195;x;
1957;194;154;18;R194G154B18;x;
1958;199;220;4;R199G220B4;x;
1959;21;129;78;R21G129B78;x;
1960;166;218;127;R166G218B127;x;
1961;142;231;36;R142G231B36;x;
1962;246;7;95;R246G7B95;x;
1963;130;156;192;limgrave_barony_157;x;
1964;44;123;247;R44G123B247;x;
1965;223;145;192;R223G145B192;x;
1966;14;250;89;R14G250B89;x;
1967;215;44;126;R215G44B126;x;
1968;77;5;54;R77G5B54;x;
1969;230;106;139;wp_barony_59;x;
1970;108;40;112;R108G40B112;x;
1971;27;128;211;R27G128B211;x;
1972;179;103;187;R179G103B187;x;
1973;60;90;88;R60G90B88;x;
1974;130;120;223;R130G120B223;x;
1975;33;176;104;R33G176B104;x;
1976;24;52;180;R24G52B180;x;
1977;162;130;250;R162G130B250;x;
1978;155;234;44;R155G234B44;x;
1979;18;241;21;R18G241B21;x;
1980;197;31;0;R197G31B0;x;
1981;244;35;121;R244G35B121;x;
1982;211;0;103;R211G0B103;x;
1983;58;20;103;R58G20B103;x;
1984;127;49;171;R127G49B171;x;
1985;238;66;17;R238G66B17;x;
1986;184;37;120;R184G37B120;x;
1987;232;76;222;R232G76B222;x;
1988;251;24;54;R251G24B54;x;
1989;67;182;224;R67G182B224;x;
1990;60;234;76;limgrave_barony_164;x;
1991;180;23;202;R180G23B202;x;
1992;37;92;151;R37G92B151;x;
1993;129;122;89;R129G122B89;x;
1994;196;217;117;R196G217B117;x;
1995;211;217;73;R211G217B73;x;
1996;88;175;44;R88G175B44;x;
1997;137;242;129;R137G242B129;x;
1998;96;167;94;R96G167B94;x;
1999;137;19;109;R137G19B109;x;
2000;86;101;62;R86G101B62;x;
2001;227;216;171;R227G216B171;x;
2002;26;150;5;R26G150B5;x;
2003;4;215;113;R4G215B113;x;
2004;89;140;107;R89G140B107;x;
2005;11;185;94;wp_barony_26;x;
2006;43;228;102;R43G228B102;x;
2007;29;148;87;limgrave_barony_173;x;
2008;230;84;117;limgrave_barony_150;x;
2009;0;25;82;R0G25B82;x;
2010;53;17;183;R53G17B183;x;
2011;81;17;244;R81G17B244;x;
2012;92;217;184;R92G217B184;x;
2013;106;169;229;R106G169B229;x;
2014;249;102;21;R249G102B21;x;
2015;64;122;185;wp_barony_47;x;
2016;185;27;193;R185G27B193;x;
2017;235;64;64;R235G64B64;x;
2018;141;180;255;R141G180B255;x;
2019;191;255;251;R191G255B251;x;
2020;126;164;152;R126G164B152;x;
2021;188;109;211;R188G109B211;x;
2022;63;253;149;R63G253B149;x;
2023;106;183;142;R106G183B142;x;
2024;236;64;255;R236G64B255;x;
2025;187;158;35;R187G158B35;x;
2026;239;12;110;R239G12B110;x;
2027;77;74;74;R77G74B74;x;
2028;186;234;232;divinetower_liurnia_2;x;
2029;243;147;106;R243G147B106;x;
2030;36;54;153;R36G54B153;x;
2031;18;123;67;R18G123B67;x;
2032;47;133;206;R47G133B206;x;
2033;234;177;65;R234G177B65;x;
2034;46;255;67;R46G255B67;x;
2035;220;98;136;R220G98B136;x;
2036;73;113;246;limgrave_barony_16;x;
2037;103;222;240;R103G222B240;x;
2038;57;212;214;R57G212B214;x;
2039;190;44;221;R190G44B221;x;
2040;6;39;136;R6G39B136;x;
2041;232;4;242;R232G4B242;x;
2042;158;209;46;R158G209B46;x;
2043;102;92;27;R102G92B27;x;
2044;20;16;115;R20G16B115;x;
2045;51;197;92;R51G197B92;x;
2046;45;70;115;R45G70B115;x;
2047;23;205;135;R23G205B135;x;
2048;180;43;174;R180G43B174;x;
2049;106;205;18;R106G205B18;x;
2050;44;177;133;R44G177B133;x;
2051;203;155;27;R203G155B27;x;
2052;58;127;27;R58G127B27;x;
2053;4;253;154;R4G253B154;x;
2054;217;249;8;R217G249B8;x;
2055;119;56;181;R119G56B181;x;
2056;89;121;122;R89G121B122;x;
2057;103;43;236;limgrave_barony_26;x;
2058;224;19;84;limgrave_barony_118;x;
2059;205;39;22;R205G39B22;x;
2060;33;86;38;limgrave_barony_94;x;
2061;101;185;101;R101G185B101;x;
2062;176;112;51;wp_barony_34;x;
2063;197;21;115;R197G21B115;x;
2064;149;38;137;R149G38B137;x;
2065;104;34;137;R104G34B137;x;
2066;143;182;104;R143G182B104;x;
2067;161;210;231;R161G210B231;x;
2068;245;188;161;R245G188B161;x;
2069;75;210;67;R75G210B67;x;
2070;210;64;146;R210G64B146;x;
2071;164;82;15;R164G82B15;x;
2072;42;181;235;R42G181B235;x;
2073;195;100;84;R195G100B84;x;
2074;91;167;58;R91G167B58;x;
2075;203;93;160;R203G93B160;x;
2076;106;135;5;R106G135B5;x;
2077;213;7;92;R213G7B92;x;
2078;30;222;72;R30G222B72;x;
2079;127;66;23;limgrave_barony_77;x;
2080;131;183;30;R131G183B30;x;
2081;222;254;164;R222G254B164;x;
2082;236;42;49;limgrave_barony_27;x;
2083;140;71;136;R140G71B136;x;
2084;142;243;183;R142G243B183;x;
2085;12;235;189;limgrave_barony_71;x;
2086;80;141;110;wp_barony_49;x;
2087;132;74;41;R132G74B41;x;
2088;196;156;241;R196G156B241;x;
2089;133;127;125;R133G127B125;x;
2090;35;155;204;R35G155B204;x;
2091;19;47;31;R19G47B31;x;
2092;34;251;224;limgrave_barony_166;x;
2093;24;114;162;R24G114B162;x;
2094;148;34;228;R148G34B228;x;
2095;238;94;245;R238G94B245;x;
2096;131;149;98;R131G149B98;x;
2097;76;13;39;R76G13B39;x;
2098;107;69;109;R107G69B109;x;
2099;74;153;39;R74G153B39;x;
2100;79;154;188;R79G154B188;x;
2101;182;194;222;R182G194B222;x;
2102;227;162;25;R227G162B25;x;
2103;98;55;84;R98G55B84;x;
2104;245;147;49;R245G147B49;x;
2105;149;186;148;R149G186B148;x;
2106;47;14;67;R47G14B67;x;
2107;115;59;59;R115G59B59;x;
2108;80;151;89;R80G151B89;x;
2109;181;39;51;R181G39B51;x;
2110;29;38;252;limgrave_barony_45;x;
2111;124;114;171;R124G114B171;x;
2112;56;106;23;R56G106B23;x;
2113;103;204;90;R103G204B90;x;
2114;161;109;5;R161G109B5;x;
2115;99;199;120;R99G199B120;x;
2116;169;178;166;R169G178B166;x;
2117;114;87;182;R114G87B182;x;
2118;132;219;232;R132G219B232;x;
2119;1;137;26;R1G137B26;x;
2120;5;79;119;R5G79B119;x;
2121;212;164;16;R212G164B16;x;
2122;1;49;141;R1G49B141;x;
2123;64;254;76;R64G254B76;x;
2124;186;38;166;R186G38B166;x;
2125;13;224;239;R13G224B239;x;
2126;41;91;40;R41G91B40;x;
2127;55;176;35;R55G176B35;x;
2128;234;224;193;R234G224B193;x;
2129;85;109;0;R85G109B0;x;
2130;252;95;177;R252G95B177;x;
2131;17;97;116;R17G97B116;x;
2132;150;157;185;R150G157B185;x;
2133;161;10;130;R161G10B130;x;
2134;5;82;194;R5G82B194;x;
2135;231;55;89;R231G55B89;x;
2136;104;9;40;R104G9B40;x;
2137;234;218;110;R234G218B110;x;
2138;199;79;186;R199G79B186;x;
2139;30;184;61;R30G184B61;x;
2140;229;88;9;R229G88B9;x;
2141;32;157;144;R32G157B144;x;
2142;182;182;180;limgrave_barony_117;x;
2143;73;228;240;R73G228B240;x;
2144;236;152;138;R236G152B138;x;
2145;18;175;134;R18G175B134;x;
2146;110;134;183;R110G134B183;x;
2147;233;83;200;limgrave_barony_28;x;
2148;228;53;208;R228G53B208;x;
2149;242;51;250;R242G51B250;x;
2150;74;80;164;R74G80B164;x;
2151;102;78;239;R102G78B239;x;
2152;71;150;162;R71G150B162;x;
2153;234;189;90;R234G189B90;x;
2154;46;253;154;R46G253B154;x;
2155;123;37;100;R123G37B100;x;
2156;64;126;2;R64G126B2;x;
2157;39;169;249;R39G169B249;x;
2158;70;224;31;R70G224B31;x;
2159;172;117;226;R172G117B226;x;
2160;51;144;75;R51G144B75;x;
2161;28;96;205;R28G96B205;x;
2162;203;6;92;R203G6B92;x;
2163;206;54;29;R206G54B29;x;
2164;245;247;253;R245G247B253;x;
2165;6;133;190;divinetower_liurnia_4;x;
2166;247;115;133;R247G115B133;x;
2167;129;182;43;R129G182B43;x;
2168;59;142;75;R59G142B75;x;
2169;163;208;42;R163G208B42;x;
2170;241;211;24;R241G211B24;x;
2171;208;50;254;R208G50B254;x;
2172;218;34;166;R218G34B166;x;
2173;92;210;221;R92G210B221;x;
2174;247;178;54;R247G178B54;x;
2175;1;243;99;R1G243B99;x;
2176;222;13;253;R222G13B253;x;
2177;216;169;244;R216G169B244;x;
2178;109;130;32;R109G130B32;x;
2179;225;56;103;R225G56B103;x;
2180;89;77;7;R89G77B7;x;
2181;127;60;32;R127G60B32;x;
2182;3;201;145;R3G201B145;x;
2183;160;99;116;R160G99B116;x;
2184;182;219;13;R182G219B13;x;
2185;105;69;19;R105G69B19;x;
2186;224;53;43;R224G53B43;x;
2187;139;91;16;R139G91B16;x;
2188;31;124;117;R31G124B117;x;
2189;209;249;137;R209G249B137;x;
2190;25;136;15;R25G136B15;x;
2191;220;46;49;R220G46B49;x;
2192;40;154;126;R40G154B126;x;
2193;145;112;85;R145G112B85;x;
2194;205;39;203;R205G39B203;x;
2195;235;86;195;limgrave_barony_2;x;
2196;139;37;30;R139G37B30;x;
2197;94;94;46;wp_barony_32;x;
2198;123;181;137;R123G181B137;x;
2199;146;114;193;R146G114B193;x;
2200;29;150;139;R29G150B139;x;
2201;195;177;243;limgrave_barony_100;x;
2202;60;253;65;R60G253B65;x;
2203;22;9;24;R22G9B24;x;
2204;51;246;196;R51G246B196;x;
2205;13;29;69;R13G29B69;x;
2206;1;115;45;R1G115B45;x;
2207;147;202;194;R147G202B194;x;
2208;0;185;93;R0G185B93;x;
2209;109;38;184;R109G38B184;x;
2210;144;210;208;R144G210B208;x;
2211;221;74;66;R221G74B66;x;
2212;157;202;124;R157G202B124;x;
2213;108;141;255;R108G141B255;x;
2214;53;210;52;R53G210B52;x;
2215;196;148;129;R196G148B129;x;
2216;48;18;224;limgrave_barony_39;x;
2217;96;221;126;limgrave_barony_85;x;
2218;56;198;100;R56G198B100;x;
2219;251;148;5;R251G148B5;x;
2220;148;80;235;R148G80B235;x;
2221;185;162;81;limgrave_barony_73;x;
2222;136;59;231;R136G59B231;x;
2223;35;185;185;R35G185B185;x;
2224;35;20;247;R35G20B247;x;
2225;93;163;102;R93G163B102;x;
2226;155;81;220;R155G81B220;x;
2227;197;21;100;R197G21B100;x;
2228;131;38;164;R131G38B164;x;
2229;201;126;130;limgrave_barony_12;x;
2230;149;187;205;R149G187B205;x;
2231;13;112;150;R13G112B150;x;
2232;83;207;236;R83G207B236;x;
2233;137;195;202;R137G195B202;x;
2234;230;193;173;R230G193B173;x;
2235;112;128;35;R112G128B35;x;
2236;96;169;165;R96G169B165;x;
2237;196;146;19;R196G146B19;x;
2238;110;242;57;R110G242B57;x;
2239;147;129;217;R147G129B217;x;
2240;198;150;115;limgrave_barony_96;x;
2241;49;127;42;R49G127B42;x;
2242;50;195;246;R50G195B246;x;
2243;181;111;18;R181G111B18;x;
2244;43;47;77;R43G47B77;x;
2245;209;43;92;R209G43B92;x;
2246;127;39;155;wp_barony_48;x;
2247;79;50;143;limgrave_barony_194;x;
2248;61;32;78;limgrave_barony_192;x;
2249;44;139;180;R44G139B180;x;
2250;209;133;201;limgrave_barony_51;x;
2251;225;245;224;R225G245B224;x;
2252;250;41;131;limgrave_barony_14;x;
2253;26;137;77;R26G137B77;x;
2254;37;129;252;R37G129B252;x;
2255;4;250;200;R4G250B200;x;
2256;60;112;240;R60G112B240;x;
2257;23;125;22;R23G125B22;x;
2258;222;36;160;R222G36B160;x;
2259;187;42;82;R187G42B82;x;
2260;107;193;120;wp_barony_55;x;
2261;84;118;249;R84G118B249;x;
2262;84;120;243;R84G120B243;x;
2263;45;244;93;limgrave_barony_135;x;
2264;102;188;25;R102G188B25;x;
2265;31;200;191;R31G200B191;x;
2266;136;18;2;R136G18B2;x;
2267;202;45;237;R202G45B237;x;
2268;91;134;217;R91G134B217;x;
2269;80;153;128;R80G153B128;x;
2270;132;126;216;divinetower_limgrave_2;x;
2271;72;81;38;R72G81B38;x;
2272;49;251;15;R49G251B15;x;
2273;101;168;248;R101G168B248;x;
2274;72;209;224;R72G209B224;x;
2275;196;200;107;R196G200B107;x;
2276;35;232;6;R35G232B6;x;
2277;17;133;145;R17G133B145;x;
2278;144;117;212;R144G117B212;x;
2279;36;24;161;R36G24B161;x;
2280;103;236;97;R103G236B97;x;
2281;184;117;141;R184G117B141;x;
2282;60;200;249;R60G200B249;x;
2283;111;120;182;limgrave_barony_21;x;
2284;85;54;196;R85G54B196;x;
2285;14;233;169;R14G233B169;x;
2286;114;94;25;R114G94B25;x;
2287;194;237;19;R194G237B19;x;
2288;124;134;16;R124G134B16;x;
2289;249;111;50;R249G111B50;x;
2290;70;167;161;R70G167B161;x;
2291;242;7;172;R242G7B172;x;
2292;45;212;63;R45G212B63;x;
2293;21;196;177;R21G196B177;x;
2294;63;59;165;R63G59B165;x;
2295;132;175;147;R132G175B147;x;
2296;189;202;56;R189G202B56;x;
2297;7;77;201;R7G77B201;x;
2298;19;88;85;R19G88B85;x;
2299;212;185;19;R212G185B19;x;
2300;213;126;131;R213G126B131;x;
2301;39;19;24;R39G19B24;x;
2302;210;97;37;R210G97B37;x;
2303;160;179;51;R160G179B51;x;
2304;158;95;11;limgrave_barony_88;x;
2305;57;173;118;R57G173B118;x;
2306;16;7;187;R16G7B187;x;
2307;91;232;219;R91G232B219;x;
2308;129;181;140;R129G181B140;x;
2309;243;214;171;R243G214B171;x;
2310;39;34;214;R39G34B214;x;
2311;78;12;244;R78G12B244;x;
2312;61;124;94;R61G124B94;x;
2313;85;37;227;R85G37B227;x;
2314;183;242;53;wp_barony_72;x;
2315;5;99;8;R5G99B8;x;
2316;107;145;197;R107G145B197;x;
2317;215;178;63;R215G178B63;x;
2318;16;179;137;R16G179B137;x;
2319;189;127;67;R189G127B67;x;
2320;242;171;6;R242G171B6;x;
2321;128;230;148;R128G230B148;x;
2322;218;175;161;R218G175B161;x;
2323;157;118;34;R157G118B34;x;
2324;90;198;7;R90G198B7;x;
2325;188;40;127;R188G40B127;x;
2326;145;224;6;R145G224B6;x;
2327;3;243;67;limgrave_barony_127;x;
2328;147;97;158;R147G97B158;x;
2329;64;17;184;R64G17B184;x;
2330;202;123;241;R202G123B241;x;
2331;132;181;167;R132G181B167;x;
2332;195;240;128;R195G240B128;x;
2333;136;8;81;R136G8B81;x;
2334;191;179;60;R191G179B60;x;
2335;8;153;154;R8G153B154;x;
2336;120;174;170;R120G174B170;x;
2337;60;37;244;limgrave_barony_29;x;
2338;225;84;205;R225G84B205;x;
2339;251;15;19;R251G15B19;x;
2340;11;131;226;R11G131B226;x;
2341;219;218;37;R219G218B37;x;
2342;14;61;125;R14G61B125;x;
2343;233;2;13;wp_barony_35;x;
2344;190;51;147;R190G51B147;x;
2345;61;8;204;R61G8B204;x;
2346;251;169;197;R251G169B197;x;
2347;240;136;215;R240G136B215;x;
2348;72;0;48;R72G0B48;x;
2349;201;118;208;R201G118B208;x;
2350;180;238;236;R180G238B236;x;
2351;175;58;184;R175G58B184;x;
2352;190;109;44;R190G109B44;x;
2353;231;209;201;R231G209B201;x;
2354;198;122;229;R198G122B229;x;
2355;134;79;176;limgrave_barony_122;x;
2356;119;230;182;R119G230B182;x;
2357;77;217;7;R77G217B7;x;
2358;219;187;204;limgrave_barony_31;x;
2359;244;36;226;R244G36B226;x;
2360;143;62;102;R143G62B102;x;
2361;233;76;214;limgrave_barony_68;x;
2362;65;166;112;R65G166B112;x;
2363;164;125;162;R164G125B162;x;
2364;26;246;31;R26G246B31;x;
2365;255;31;105;R255G31B105;x;
2366;227;159;236;R227G159B236;x;
2367;1;164;3;R1G164B3;x;
2368;66;235;135;limgrave_barony_34;x;
2369;97;185;133;R97G185B133;x;
2370;162;184;249;R162G184B249;x;
2371;216;224;5;R216G224B5;x;
2372;254;81;205;R254G81B205;x;
2373;195;207;73;R195G207B73;x;
2374;131;227;20;R131G227B20;x;
2375;113;34;180;R113G34B180;x;
2376;226;184;20;R226G184B20;x;
2377;118;96;249;R118G96B249;x;
2378;38;34;137;R38G34B137;x;
2379;196;186;35;R196G186B35;x;
2380;237;224;104;R237G224B104;x;
2381;68;27;137;R68G27B137;x;
2382;37;54;154;R37G54B154;x;
2383;77;9;94;R77G9B94;x;
2384;255;132;155;R255G132B155;x;
2385;149;148;72;R149G148B72;x;
2386;254;4;130;R254G4B130;x;
2387;76;229;201;R76G229B201;x;
2388;170;135;102;R170G135B102;x;
2389;15;135;56;R15G135B56;x;
2390;225;221;93;R225G221B93;x;
2391;82;216;196;R82G216B196;x;
2392;121;216;221;R121G216B221;x;
2393;216;146;211;R216G146B211;x;
2394;53;74;47;R53G74B47;x;
2395;134;186;21;R134G186B21;x;
2396;64;172;59;R64G172B59;x;
2397;103;0;206;R103G0B206;x;
2398;160;140;239;R160G140B239;x;
2399;95;203;73;R95G203B73;x;
2400;87;59;103;R87G59B103;x;
2401;47;31;165;R47G31B165;x;
2402;170;255;43;R170G255B43;x;
2403;230;90;47;R230G90B47;x;
2404;235;36;157;R235G36B157;x;
2405;244;36;30;R244G36B30;x;
2406;103;62;118;R103G62B118;x;
2407;220;28;215;R220G28B215;x;
2408;206;188;169;R206G188B169;x;
2409;12;152;60;R12G152B60;x;
2410;173;239;158;R173G239B158;x;
2411;135;76;16;R135G76B16;x;
2412;63;42;19;R63G42B19;x;
2413;152;25;123;R152G25B123;x;
2414;107;193;190;limgrave_barony_92;x;
2415;136;118;45;R136G118B45;x;
2416;172;16;139;R172G16B139;x;
2417;240;149;52;R240G149B52;x;
2418;242;211;12;R242G211B12;x;
2419;73;8;117;R73G8B117;x;
2420;48;193;57;R48G193B57;x;
2421;102;20;246;limgrave_barony_138;x;
2422;165;169;168;R165G169B168;x;
2423;236;28;216;R236G28B216;x;
2424;34;92;177;R34G92B177;x;
2425;79;24;26;R79G24B26;x;
2426;53;206;180;R53G206B180;x;
2427;192;183;238;R192G183B238;x;
2428;51;204;149;wp_barony_23;x;
2429;201;213;58;R201G213B58;x;
2430;56;65;47;limgrave_barony_145;x;
2431;134;103;153;R134G103B153;x;
2432;97;244;12;R97G244B12;x;
2433;106;36;72;limgrave_barony_134;x;
2434;215;18;234;R215G18B234;x;
2435;3;43;22;R3G43B22;x;
2436;53;59;214;R53G59B214;x;
2437;124;179;238;R124G179B238;x;
2438;60;167;243;R60G167B243;x;
2439;11;203;36;R11G203B36;x;
2440;172;19;244;R172G19B244;x;
2441;72;191;206;R72G191B206;x;
2442;164;17;230;R164G17B230;x;
2443;66;83;161;R66G83B161;x;
2444;246;155;120;R246G155B120;x;
2445;164;213;106;R164G213B106;x;
2446;6;43;133;R6G43B133;x;
2447;77;65;232;R77G65B232;x;
2448;32;29;88;R32G29B88;x;
2449;95;249;75;R95G249B75;x;
2450;214;44;145;R214G44B145;x;
2451;16;87;30;R16G87B30;x;
2452;185;23;182;R185G23B182;x;
2453;43;114;3;R43G114B3;x;
2454;124;72;139;R124G72B139;x;
2455;219;235;186;R219G235B186;x;
2456;190;27;244;R190G27B244;x;
2457;105;18;239;R105G18B239;x;
2458;240;143;156;wp_barony_18;x;
2459;85;42;75;R85G42B75;x;
2460;92;245;49;R92G245B49;x;
2461;223;179;197;R223G179B197;x;
2462;145;89;61;R145G89B61;x;
2463;130;80;140;R130G80B140;x;
2464;34;62;122;R34G62B122;x;
2465;234;18;40;R234G18B40;x;
2466;105;49;140;R105G49B140;x;
2467;186;46;199;wp_barony_22;x;
2468;165;182;242;R165G182B242;x;
2469;129;198;188;R129G198B188;x;
2470;85;2;178;limgrave_barony_54;x;
2471;234;91;134;R234G91B134;x;
2472;0;122;187;R0G122B187;x;
2473;68;155;180;wp_barony_39;x;
2474;166;121;190;R166G121B190;x;
2475;233;77;71;R233G77B71;x;
2476;72;220;126;R72G220B126;x;
2477;147;183;119;R147G183B119;x;
2478;36;30;36;R36G30B36;x;
2479;155;153;178;R155G153B178;x;
2480;60;188;30;R60G188B30;x;
2481;75;244;148;R75G244B148;x;
2482;33;248;4;R33G248B4;x;
2483;133;221;47;limgrave_barony_90;x;
2484;227;144;246;R227G144B246;x;
2485;170;0;19;wp_barony_29;x;
2486;224;114;211;limgrave_barony_159;x;
2487;172;242;195;R172G242B195;x;
2488;200;77;233;R200G77B233;x;
2489;157;170;105;limgrave_barony_190;x;
2490;158;146;215;R158G146B215;x;
2491;46;150;76;R46G150B76;x;
2492;112;235;142;R112G235B142;x;
2493;121;133;102;R121G133B102;x;
2494;76;69;95;R76G69B95;x;
2495;33;239;76;R33G239B76;x;
2496;129;20;97;R129G20B97;x;
2497;51;223;39;R51G223B39;x;
2498;85;244;223;R85G244B223;x;
2499;173;12;129;R173G12B129;x;
2500;193;158;67;R193G158B67;x;
2501;255;77;115;R255G77B115;x;
2502;26;200;243;R26G200B243;x;
2503;186;188;117;R186G188B117;x;
2504;123;216;155;R123G216B155;x;
2505;2;70;144;R2G70B144;x;
2506;54;56;79;R54G56B79;x;
2507;218;154;27;DELETE_15;x;
2508;250;76;75;DELETE_12;x;
2509;54;153;196;R54G153B196;x;
2510;55;74;212;R55G74B212;x;
2511;40;198;141;R40G198B141;x;
2512;35;120;6;R35G120B6;x;
2513;80;86;231;R80G86B231;x;
2514;13;129;124;R13G129B124;x;
2515;247;121;238;R247G121B238;x;
2516;40;155;156;R40G155B156;x;
2517;42;49;46;R42G49B46;x;
2518;54;174;208;R54G174B208;x;
2519;230;186;13;R230G186B13;x;
2520;56;212;7;R56G212B7;x;
2521;118;186;179;R118G186B179;x;
2522;113;143;191;DELETE_8;x;
2523;226;167;139;R226G167B139;x;
2524;47;127;18;R47G127B18;x;
2525;135;252;47;R135G252B47;x;
2526;119;134;194;R119G134B194;x;
2527;164;81;157;R164G81B157;x;
2528;93;252;206;R93G252B206;x;
2529;24;219;88;R24G219B88;x;
2530;154;225;112;R154G225B112;x;
2531;38;160;111;R38G160B111;x;
2532;57;149;217;R57G149B217;x;
2533;108;229;144;R108G229B144;x;
2534;73;90;35;R73G90B35;x;
2535;196;239;64;R196G239B64;x;
2536;161;218;127;R161G218B127;x;
2537;200;161;165;R200G161B165;x;
2538;196;63;151;R196G63B151;x;
2539;59;137;150;R59G137B150;x;
2540;202;3;23;R202G3B23;x;
2541;119;208;97;R119G208B97;x;
2542;161;139;115;R161G139B115;x;
2543;166;147;186;R166G147B186;x;
2544;198;48;34;R198G48B34;x;
2545;181;49;209;R181G49B209;x;
2546;24;150;75;R24G150B75;x;
2547;244;241;40;R244G241B40;x;
2548;210;193;134;R210G193B134;x;
2549;166;2;8;R166G2B8;x;
2550;159;179;106;R159G179B106;x;
2551;184;159;158;R184G159B158;x;
2552;45;3;101;R45G3B101;x;
2553;61;57;102;R61G57B102;x;
2554;61;163;26;R61G163B26;x;
2555;95;128;246;R95G128B246;x;
2556;125;111;142;R125G111B142;x;
2557;185;159;201;R185G159B201;x;
2558;120;131;86;R120G131B86;x;
2559;8;217;165;wp_barony_64;x;
2560;253;6;190;wp_barony_73;x;
2561;92;175;147;OCEAN;x;
2562;178;26;202;OCEAN;x;
2563;27;239;138;OCEAN;x;
2564;182;72;58;OCEAN;x;
2565;222;7;29;OCEAN;x;
2566;184;108;126;OCEAN;x;
2567;189;32;38;OCEAN;x;
2568;33;139;21;OCEAN;x;
2569;102;47;56;OCEAN;x;
2570;52;161;22;OCEAN;x;
2571;73;231;194;OCEAN;x;
2572;55;97;114;OCEAN;x;
2573;243;233;154;OCEAN;x;
2574;109;136;145;OCEAN;x;
2575;55;6;210;OCEAN;x;
2576;1;222;56;OCEAN;x;
2577;21;96;27;OCEAN;x;
2578;9;120;220;OCEAN;x;
2579;229;234;235;OCEAN;x;
2580;36;69;243;OCEAN;x;
2581;241;159;55;OCEAN;x;
2582;209;200;114;OCEAN;x;
2583;37;14;33;OCEAN;x;
2584;169;39;38;OCEAN;x;
2585;214;158;249;OCEAN;x;
2586;251;66;235;OCEAN;x;
2587;34;95;114;OCEAN;x;
2588;38;213;171;OCEAN;x;
2589;169;87;44;OCEAN;x;
2590;245;21;24;OCEAN;x;
2591;128;134;209;OCEAN;x;
2592;105;183;201;OCEAN;x;
2593;80;10;180;OCEAN;x;
2594;230;244;125;OCEAN;x;
2595;206;46;27;OCEAN;x;
2596;155;94;247;OCEAN;x;
2597;35;47;82;OCEAN;x;
2598;146;27;212;OCEAN;x;
2599;122;154;120;OCEAN;x;
2600;18;12;201;OCEAN;x;
2601;166;36;197;OCEAN;x;
2602;179;154;229;OCEAN;x;
2603;214;122;68;OCEAN;x;
2604;25;47;157;OCEAN;x;
2605;53;215;136;OCEAN;x;
2606;104;10;250;OCEAN;x;
2607;37;100;194;OCEAN;x;
2608;174;227;137;OCEAN;x;
2609;162;108;23;OCEAN;x;
2610;158;140;106;OCEAN;x;
2611;84;15;3;OCEAN;x;
2612;80;245;67;OCEAN;x;
2613;154;203;185;OCEAN;x;
2614;4;17;163;OCEAN;x;
2615;250;147;90;OCEAN;x;
2616;166;8;113;OCEAN;x;
2617;219;215;115;OCEAN;x;
2618;187;150;220;OCEAN;x;
2619;234;213;212;OCEAN;x;
2620;113;223;195;OCEAN;x;
2621;34;88;227;OCEAN;x;
2622;119;107;43;OCEAN;x;
2623;26;224;122;OCEAN;x;
2624;146;205;241;OCEAN;x;
2625;23;161;169;OCEAN;x;
2626;176;25;233;OCEAN;x;
2627;41;241;128;OCEAN;x;
2628;49;145;112;OCEAN;x;
2629;58;22;10;OCEAN;x;
2630;24;212;85;OCEAN;x;
2631;73;250;244;OCEAN;x;
2632;77;198;169;OCEAN;x;
2633;129;202;116;OCEAN;x;
2634;249;213;20;OCEAN;x;
2635;131;97;230;OCEAN;x;
2636;248;49;197;OCEAN;x;
2637;39;176;209;OCEAN;x;
2638;232;64;86;OCEAN;x;
2639;221;70;144;OCEAN;x;
2640;237;109;221;OCEAN;x;
2641;117;143;152;OCEAN;x;
2642;115;52;133;OCEAN;x;
2643;51;24;12;OCEAN;x;
2644;166;198;56;OCEAN;x;
2645;220;144;63;OCEAN;x;
2646;103;194;194;OCEAN;x;
2647;158;4;110;OCEAN;x;
2648;102;37;7;OCEAN;x;
2649;109;168;16;OCEAN;x;
2650;229;129;98;OCEAN;x;
2651;169;122;217;OCEAN;x;
2652;48;73;63;OCEAN;x;
2653;6;58;141;OCEAN;x;
2654;116;223;134;OCEAN;x;
2655;150;190;9;OCEAN;x;
2656;153;173;189;OCEAN;x;
2657;92;71;2;OCEAN;x;
2658;67;83;221;OCEAN;x;
2659;95;233;120;OCEAN;x;
2660;175;224;92;OCEAN;x;
2661;163;23;112;OCEAN;x;
2662;153;246;124;OCEAN;x;
2663;108;129;9;OCEAN;x;
2664;144;108;36;OCEAN;x;
2665;67;112;188;OCEAN;x;
2666;36;59;138;OCEAN;x;
2667;224;241;52;OCEAN;x;
2668;111;19;227;OCEAN;x;
2669;27;49;159;OCEAN;x;
2670;152;138;62;OCEAN;x;
2671;203;135;229;OCEAN;x;
2672;255;229;125;OCEAN;x;
2673;12;25;164;OCEAN;x;
2674;32;121;107;OCEAN;x;
2675;196;89;150;OCEAN;x;
2676;20;86;214;OCEAN;x;
2677;46;243;6;OCEAN;x;
2678;240;43;138;OCEAN;x;
2679;106;21;9;OCEAN;x;
2680;137;156;142;LAKE;x;
2681;55;85;117;OCEAN;x;
2682;254;114;160;OCEAN;x;
2683;61;110;226;OCEAN;x;
2684;174;159;252;OCEAN;x;
2685;54;26;9;OCEAN;x;
2686;76;247;200;OCEAN;x;
2687;212;23;57;OCEAN;x;
2688;44;156;248;OCEAN;x;
2689;106;15;1;OCEAN;x;
2690;30;225;123;OCEAN;x;
2691;89;168;47;OCEAN;x;
2692;48;41;166;OCEAN;x;
2693;34;37;181;OCEAN;x;
2694;174;96;121;OCEAN;x;
2695;186;178;83;OCEAN;x;
2696;241;89;7;OCEAN;x;
2697;9;16;122;OCEAN;x;
2698;171;79;1;OCEAN;x;
2699;164;48;97;OCEAN;x;
2700;128;61;201;OCEAN;x;
2701;114;190;84;OCEAN;x;
2702;113;101;123;OCEAN;x;
2703;147;58;223;OCEAN;x;
2704;91;165;200;OCEAN;x;
2705;234;241;173;OCEAN;x;
2706;168;111;227;OCEAN;x;
2707;178;85;3;OCEAN;x;
2708;44;124;255;OCEAN;x;
2709;11;103;242;OCEAN;x;
2710;248;106;177;OCEAN;x;
2711;111;76;171;OCEAN;x;
2712;92;218;106;OCEAN;x;
2713;148;171;225;OCEAN;x;
2714;206;202;206;OCEAN;x;
2715;166;227;87;OCEAN;x;
2716;147;220;52;OCEAN;x;
2717;94;153;189;OCEAN;x;
2718;240;66;79;OCEAN;x;
2719;131;33;170;OCEAN;x;
2720;7;14;58;OCEAN;x;
2721;93;171;171;OCEAN;x;
2722;210;124;232;OCEAN;x;
2723;177;51;125;OCEAN;x;
2724;105;186;144;OCEAN;x;
2725;28;118;162;OCEAN;x;
2726;10;200;41;OCEAN;x;
2727;132;92;140;OCEAN;x;
2728;100;124;39;OCEAN;x;
2729;161;55;243;OCEAN;x;
2730;47;189;204;OCEAN;x;
2731;19;39;115;OCEAN;x;
2732;208;10;111;OCEAN;x;
2733;149;244;190;OCEAN;x;
2734;59;140;198;OCEAN;x;
2735;132;213;245;OCEAN;x;
2736;15;107;200;OCEAN;x;
2737;167;176;54;OCEAN;x;
2738;83;64;89;OCEAN;x;
2739;237;36;229;OCEAN;x;
2740;155;0;59;OCEAN;x;
2741;71;36;216;OCEAN;x;
2742;243;108;41;OCEAN;x;
2743;227;202;239;OCEAN;x;
2744;204;25;13;OCEAN;x;
2745;22;249;93;OCEAN;x;
2746;105;170;13;OCEAN;x;
2747;150;42;4;OCEAN;x;
2748;83;11;115;OCEAN;x;
2749;85;176;45;OCEAN;x;
2750;178;156;141;OCEAN;x;
2751;215;219;196;OCEAN;x;
2752;67;215;151;OCEAN;x;
2753;119;198;192;OCEAN;x;
2754;247;238;87;OCEAN;x;
2755;185;64;85;OCEAN;x;
2756;232;24;240;OCEAN;x;
2757;251;100;72;OCEAN;x;
2758;57;119;57;OCEAN;x;
2759;183;122;198;OCEAN;x;
2760;1;109;242;OCEAN;x;
2761;39;135;125;OCEAN;x;
2762;194;109;165;OCEAN;x;
2763;17;201;40;OCEAN;x;
2764;181;127;96;OCEAN;x;
2765;71;251;249;OCEAN;x;
2766;150;188;239;OCEAN;x;
2767;176;168;105;OCEAN;x;
2768;149;123;195;OCEAN;x;
2769;182;227;62;OCEAN;x;
2770;164;252;76;OCEAN;x;
2771;186;52;246;OCEAN;x;
2772;222;70;30;OCEAN;x;
2773;195;163;19;OCEAN;x;
2774;185;197;56;OCEAN;x;
2775;59;162;125;OCEAN;x;
2776;139;39;105;OCEAN;x;
2777;109;122;154;OCEAN;x;
2778;54;129;44;OCEAN;x;
2779;16;240;189;OCEAN;x;
2780;170;162;193;OCEAN;x;
2781;82;101;85;OCEAN;x;
2782;249;16;105;OCEAN;x;
2783;30;111;194;OCEAN;x;
2784;153;1;23;OCEAN;x;
2785;16;165;24;OCEAN;x;
2786;94;239;154;OCEAN;x;
2787;81;78;233;OCEAN;x;
2788;112;252;170;OCEAN;x;
2789;21;108;215;OCEAN;x;
2790;111;230;141;OCEAN;x;
2791;214;233;109;OCEAN;x;
2792;119;206;5;OCEAN;x;
2793;184;187;127;OCEAN;x;
2794;76;150;69;OCEAN;x;
2795;211;243;215;OCEAN;x;
2796;42;1;3;OCEAN;x;
2797;152;59;147;OCEAN;x;
2798;126;217;18;OCEAN;x;
2799;170;101;9;OCEAN;x;
2800;212;224;160;OCEAN;x;
2801;141;89;255;OCEAN;x;
2802;195;8;251;OCEAN;x;
2803;10;157;140;OCEAN;x;
2804;177;66;22;OCEAN;x;
2805;79;179;45;OCEAN;x;
2806;57;57;213;OCEAN;x;
2807;76;91;164;OCEAN;x;
2808;242;214;234;OCEAN;x;
2809;162;84;85;OCEAN;x;
2810;183;209;84;OCEAN;x;
2811;163;218;161;OCEAN;x;
2812;124;205;71;OCEAN;x;
2813;138;117;146;OCEAN;x;
2814;197;20;114;OCEAN;x;
2815;146;231;205;OCEAN;x;
2816;129;143;122;OCEAN;x;
2817;246;28;166;OCEAN;x;
2818;237;224;29;OCEAN;x;
2819;246;27;151;OCEAN;x;
2820;163;162;242;OCEAN;x;
2821;72;183;229;OCEAN;x;
2822;113;60;60;OCEAN;x;
2823;212;205;70;OCEAN;x;
2824;251;197;145;OCEAN;x;
2825;6;54;8;LAKE;x;
2826;154;7;53;OCEAN;x;
2827;21;36;84;OCEAN;x;
2828;99;80;232;OCEAN;x;
2829;101;16;56;OCEAN;x;
2830;213;135;15;OCEAN;x;
2831;177;209;154;OCEAN;x;
2832;173;166;249;OCEAN;x;
2833;47;133;205;OCEAN;x;
2834;252;177;0;OCEAN;x;
2835;48;59;181;OCEAN;x;
2836;9;169;125;OCEAN;x;
2837;197;132;145;OCEAN;x;
2838;188;184;45;OCEAN;x;
2839;221;212;220;OCEAN;x;
2840;239;100;199;OCEAN;x;
2841;67;255;59;OCEAN;x;
2842;228;172;116;OCEAN;x;
2843;188;88;15;OCEAN;x;
2844;87;95;216;OCEAN;x;
2845;140;191;51;OCEAN;x;
2846;138;9;46;OCEAN;x;
2847;165;46;5;OCEAN;x;
2848;44;172;172;OCEAN;x;
2849;203;40;64;OCEAN;x;
2850;13;146;143;OCEAN;x;
2851;78;84;74;OCEAN;x;
2852;221;233;183;OCEAN;x;
2853;165;156;22;OCEAN;x;
2854;127;180;31;OCEAN;x;
2855;183;51;235;OCEAN;x;
2856;39;198;135;OCEAN;x;
2857;3;142;230;OCEAN;x;
2858;179;96;126;OCEAN;x;
2859;18;156;31;OCEAN;x;
2860;212;27;223;OCEAN;x;
2861;222;86;25;OCEAN;x;
2862;210;31;68;OCEAN;x;
2863;32;37;57;OCEAN;x;
2864;87;28;94;OCEAN;x;
2865;185;30;84;OCEAN;x;
2866;206;99;192;OCEAN;x;
2867;22;95;112;OCEAN;x;
2868;227;189;157;OCEAN;x;
2869;153;191;1;OCEAN;x;
2870;192;163;74;OCEAN;x;
2871;199;171;107;OCEAN;x;
2872;152;144;12;OCEAN;x;
2873;5;202;182;OCEAN;x;
2874;251;93;67;OCEAN;x;
2875;255;39;138;OCEAN;x;
2876;64;50;99;OCEAN;x;
2877;240;66;148;OCEAN;x;
2878;45;33;89;OCEAN;x;
2879;201;98;127;OCEAN;x;
2880;228;235;154;OCEAN;x;
2881;99;61;216;OCEAN;x;
2882;111;204;28;OCEAN;x;
2883;91;29;246;OCEAN;x;
2884;109;87;152;OCEAN;x;
2885;53;221;242;OCEAN;x;
2886;90;48;19;OCEAN;x;
2887;202;169;106;OCEAN;x;
2888;16;166;223;OCEAN;x;
2889;223;223;9;OCEAN;x;
2890;134;28;175;OCEAN;x;
2891;129;64;105;OCEAN;x;
2892;241;136;206;OCEAN;x;
2893;24;62;141;OCEAN;x;
2894;238;70;218;OCEAN;x;
2895;32;67;138;OCEAN;x;
2896;247;224;227;OCEAN;x;
2897;12;39;59;OCEAN;x;
2898;109;248;155;OCEAN;x;
2899;101;37;185;OCEAN;x;
2900;32;146;60;OCEAN;x;
2901;228;122;59;OCEAN;x;
2902;32;179;215;OCEAN;x;
2903;75;95;182;OCEAN;x;
2904;1;167;43;OCEAN;x;
2905;156;65;92;OCEAN;x;
2906;78;175;108;LAKE;x;
2907;59;222;24;OCEAN;x;
2908;162;124;233;OCEAN;x;
2909;250;147;244;OCEAN;x;
2910;242;8;105;OCEAN;x;
2911;150;111;191;OCEAN;x;
2912;255;241;193;OCEAN;x;
2913;120;37;63;OCEAN;x;
2914;114;204;107;OCEAN;x;
2915;131;151;90;OCEAN;x;
2916;38;249;117;OCEAN;x;
2917;195;10;3;OCEAN;x;
2918;204;230;95;OCEAN;x;
2919;20;151;219;OCEAN;x;
2920;56;79;155;OCEAN;x;
2921;172;170;19;OCEAN;x;
2922;173;68;174;OCEAN;x;
2923;243;216;77;OCEAN;x;
2924;110;182;21;OCEAN;x;
2925;2;180;40;OCEAN;x;
2926;170;153;79;OCEAN;x;
2927;1;90;26;OCEAN;x;
2928;25;238;119;OCEAN;x;
2929;173;36;53;OCEAN;x;
2930;50;128;85;OCEAN;x;
2931;171;85;249;OCEAN;x;
2932;194;10;236;OCEAN;x;
2933;67;40;89;OCEAN;x;
2934;147;34;157;OCEAN;x;
2935;53;148;249;OCEAN;x;
2936;178;196;25;OCEAN;x;
2937;84;109;66;OCEAN;x;
2938;231;141;40;OCEAN;x;
2939;20;136;176;OCEAN;x;
2940;80;152;125;OCEAN;x;
2941;2;119;172;OCEAN;x;
2942;221;0;144;OCEAN;x;
2943;252;192;221;OCEAN;x;
2944;182;177;104;OCEAN;x;
2945;146;23;134;OCEAN;x;
2946;32;184;112;OCEAN;x;
2947;62;156;189;OCEAN;x;
2948;179;243;150;OCEAN;x;
2949;67;65;35;OCEAN;x;
2950;41;9;90;OCEAN;x;
2951;16;204;129;OCEAN;x;
2952;234;91;198;OCEAN;x;
2953;128;122;167;OCEAN;x;
2954;225;155;64;OCEAN;x;
2955;55;211;226;OCEAN;x;
2956;15;126;233;OCEAN;x;
2957;77;47;48;OCEAN;x;
2958;10;111;37;OCEAN;x;
2959;145;169;221;OCEAN;x;
2960;108;244;150;OCEAN;x;
2961;70;186;180;OCEAN;x;
2962;230;44;111;OCEAN;x;
2963;94;55;158;OCEAN;x;
2964;36;27;23;OCEAN;x;
2965;226;246;222;OCEAN;x;
2966;184;111;245;OCEAN;x;
2967;171;53;178;OCEAN;x;
2968;212;5;166;OCEAN;x;
2969;8;124;7;OCEAN;x;
2970;52;47;59;OCEAN;x;
2971;248;173;141;OCEAN;x;
2972;200;21;28;OCEAN;x;
2973;45;160;36;OCEAN;x;
2974;39;184;165;OCEAN;x;
2975;162;86;208;OCEAN;x;
2976;193;119;192;OCEAN;x;
2977;117;106;192;OCEAN;x;
2978;190;50;90;OCEAN;x;
2979;46;94;247;OCEAN;x;
2980;14;21;53;OCEAN;x;
2981;100;84;239;OCEAN;x;
2982;12;149;12;OCEAN;x;
2983;176;203;111;OCEAN;x;
2984;48;93;78;OCEAN;x;
2985;120;169;64;OCEAN;x;
2986;99;194;17;OCEAN;x;
2987;167;60;144;OCEAN;x;
2988;145;121;206;OCEAN;x;
2989;50;59;63;OCEAN;x;
2990;91;213;115;OCEAN;x;
2991;141;45;203;OCEAN;x;
2992;96;44;129;OCEAN;x;
2993;213;3;254;OCEAN;x;
2994;185;137;160;OCEAN;x;
2995;173;223;230;OCEAN;x;
2996;24;0;94;OCEAN;x;
2997;204;214;212;OCEAN;x;
2998;179;96;199;OCEAN;x;
2999;8;156;109;OCEAN;x;
3000;47;199;243;OCEAN;x;
3001;154;74;54;OCEAN;x;
3002;202;72;237;OCEAN;x;
3003;52;15;217;OCEAN;x;
3004;227;181;119;OCEAN;x;
3005;230;226;172;OCEAN;x;
3006;41;170;147;OCEAN;x;
3007;190;170;214;OCEAN;x;
3008;252;136;131;OCEAN;x;
3009;1;104;251;OCEAN;x;
3010;181;102;100;OCEAN;x;
3011;71;82;154;OCEAN;x;
3012;66;251;204;OCEAN;x;
3013;47;178;135;OCEAN;x;
3014;111;99;193;OCEAN;x;
3015;216;125;215;OCEAN;x;
3016;232;222;243;OCEAN;x;
3017;84;110;146;OCEAN;x;
3018;40;125;195;OCEAN;x;
3019;114;254;241;OCEAN;x;
3020;164;2;57;OCEAN;x;
3021;87;201;30;OCEAN;x;
3022;103;11;123;OCEAN;x;
3023;32;136;86;OCEAN;x;
3024;99;96;50;OCEAN;x;
3025;134;60;95;OCEAN;x;
3026;113;187;184;OCEAN;x;
3027;113;56;32;OCEAN;x;
3028;49;173;183;OCEAN;x;
3029;98;215;96;OCEAN;x;
3030;59;8;119;OCEAN;x;
3031;172;237;222;OCEAN;x;
3032;121;154;39;OCEAN;x;
3033;133;238;12;OCEAN;x;
3034;43;220;122;OCEAN;x;
3035;152;201;145;OCEAN;x;
3036;184;237;43;OCEAN;x;
3037;242;210;137;OCEAN;x;
3038;10;94;70;OCEAN;x;
3039;20;221;164;OCEAN;x;
3040;63;222;141;OCEAN;x;
3041;244;36;231;OCEAN;x;
3042;205;62;103;OCEAN;x;
3043;100;80;61;OCEAN;x;
3044;180;66;54;OCEAN;x;
3045;137;25;71;OCEAN;x;
3046;197;19;245;OCEAN;x;
3047;231;93;128;OCEAN;x;
3048;251;255;227;OCEAN;x;
3049;35;124;232;OCEAN;x;
3050;104;113;246;OCEAN;x;
3051;10;64;33;OCEAN;x;
3052;0;194;166;OCEAN;x;
3053;147;206;24;OCEAN;x;
3054;181;211;47;OCEAN;x;
3055;214;170;46;OCEAN;x;
3056;170;88;216;OCEAN;x;
3057;85;91;78;OCEAN;x;
3058;160;232;214;OCEAN;x;
3059;29;12;62;LAKE;x;
3060;108;241;252;LAKE;x;
3061;232;83;71;OCEAN;x;
3062;54;78;220;LAKE;x;
3063;232;54;12;LAKE;x;
3064;97;215;252;LAKE;x;
3065;125;187;95;LAKE;x;
3066;72;66;204;LAKE;x;
3067;202;20;125;LAKE;x;
3068;184;160;158;LAKE;x;
3069;104;109;113;LAKE;x;
3070;229;70;135;LAKE;x;
3071;54;125;97;OCEAN;x;
3072;61;97;78;LAKE;x;
3073;206;165;180;DELETE_14;x;
3074;0;117;129;DELETE_13;x;
3075;206;1;78;DELETE_9;x;
3076;124;156;90;DELETE_1;x;
3077;34;130;135;LAKE;x;
3078;28;234;71;LAKE;x;
3079;164;0;80;LAKE;x;
3080;60;127;211;LAKE;x;
3081;102;217;174;LAKE;x;
3082;103;124;27;LAKE;x;
3083;179;168;14;LAKE;x;
3084;86;2;67;LAKE;x;
3085;254;36;46;LAKE;x;
3086;212;234;106;LAKE;x;
3087;104;213;68;LAKE;x;
3088;246;248;205;LAKE;x;
3089;136;57;187;LAKE;x;
3090;9;153;5;LAKE;x;
3091;189;208;129;LAKE;x;
3092;54;199;11;LAKE;x;
3093;103;145;132;DELETE_7;x;
3094;192;214;90;DELETE_5;x;
3095;190;200;242;DELETE_3;x;
3096;210;116;126;DELETE_2;x;
3097;251;75;85;LAKE;x;
3098;14;79;59;OCEAN;x;
3099;188;91;163;LAKE;x;
3100;191;54;120;LAKE;x;
3101;109;108;87;LAKE;x;
3102;128;150;8;LAKE;x;
3103;200;49;17;LAKE;x;
3104;23;5;46;LAKE;x;
3105;205;68;179;LAKE;x;
3106;2;144;4;DELETE_4;x;
3107;41;206;168;LAKE;x;
3108;137;14;244;LAKE;x;
3109;235;106;226;DELETE_6;x;
3110;71;198;55;DELETE_11;x;
3111;106;73;218;DELETE_10;x;
3112;183;74;77;LAKE;x;
3113;143;146;133;LAKE;x;
3114;156;40;255;LAKE;x;
3115;128;227;41;LAKE;x;
3116;172;250;143;LAKE;x;
3117;239;136;192;LAKE;x;
3118;38;249;178;LAKE;x;
3119;245;88;157;LAKE;x;
3120;112;189;71;LAKE;x;
3121;167;114;102;LAKE;x;
3122;220;64;180;LAKE;x;
3123;174;3;104;LAKE;x;
3124;91;187;104;LAKE;x;
3125;65;36;55;LAKE;x;
3126;87;155;33;LAKE;x;
3127;16;238;195;LAKE;x;
3128;146;114;184;LAKE;x;
3129;152;209;187;LAKE;x;
3130;183;190;254;LAKE;x;
3131;15;239;251;LAKE;x;
3132;52;192;80;LAKE;x;
3133;69;239;136;LAKE;x;
3134;172;118;222;LAKE;x;
3135;10;221;214;LAKE;x;
3136;199;213;60;LAKE;x;
3137;150;141;151;LAKE;x;
3138;134;33;118;LAKE;x;
3139;87;129;240;LAKE;x;
3140;219;229;135;LAKE;x;
3141;143;0;58;limgrave_barony_196;x;
3142;85;220;80;LAKE;x;
3143;198;91;46;limgrave_barony_72;x;
3144;248;114;16;limgrave_barony_9;x;
